uc_1,uc_2,coincidencia
1023,1025,54.0
1023,1026,1.5
1023,1122,8.4
1023,1129,1.0
1023,1208,1.0
1023,1209,1.0
1023,1266,3.0
1023,1307,4.2
1023,1321,155.6
1023,1322,34.0
1023,1324,2.3333333333333335
1023,1359,1.0
1023,1373,398.0
1023,1456,3.0
1023,1457,3.6
1023,1461,4.6
1023,1508,1.0
1023,1537,1.0
1023,1556,2.6
1023,1620,4.2
1023,1780,2.0
1023,1868,1.0
1023,1888,3.0
1023,2011,2.6666666666666665
1023,2013,2.0
1023,2018,3.0
1023,2020,3.0
1023,2032,1.0
1023,2098,1.0
1023,2099,1.0
1023,2216,1.0
1023,2391,1.0
1023,2414,1.0
1023,2504,1.0
1023,2505,1.0
1023,5508,1.0
1023,5514,1.5
1023,5603,1.0
1023,5705,1.0
1023,5720,3.0
1023,5839,2.5
1023,5853,1.0
1023,5855,1.8
1023,5866,1.0
1023,5904,5.8
1023,LIB49,1.0
1023,LIB55,1.0
1023,MI2,191.0
1023,PA439,1.0
1023,PA456,1.0
1023,PA97,1.0
1023,Q80,1.0
1023,Q82,2.0
1023,TTR16,1.0
1025,1038,4.0
1025,1215,1.0
1025,1220,10.5
1025,1266,8.333333333333334
1025,1307,8.4
1025,1321,159.6
1025,1322,13.0
1025,1324,36.4
1025,1325,11.2
1025,1340,2.0
1025,1354,3.0
1025,1359,2.4
1025,1373,26.0
1025,1456,3.0
1025,1457,1.75
1025,1465,3.0
1025,1522,1.0
1025,1527,1.0
1025,1537,11.2
1025,1556,1.0
1025,1700,1.0
1025,1722,1.0
1025,1758,1.5
1025,1774,2.0
1025,1775,1.0
1025,1776,1.0
1025,1780,2.6666666666666665
1025,1781,1.0
1025,1824,1.5
1025,1851,1.0
1025,1876,1.0
1025,1888,9.0
1025,1937,1.0
1025,2001,1.0
1025,2216,3.6666666666666665
1025,2217,4.0
1025,2359,1.0
1025,2371,1.3333333333333333
1025,2404,1.0
1025,2410,1.0
1025,2411,1.0
1025,2414,5.0
1025,2804,1.0
1025,5005,1.0
1025,5504,1.0
1025,5508,1.0
1025,5855,1.0
1025,5904,3.0
1025,5906,1.0
1025,LIB49,2.0
1025,LIB55,1.5
1025,PA288,1.0
1025,Q21,4.2
1025,Q71,1.0
1025,TI11,1.0
1025,TI12,1.0
1025,TIM41,1.0
1026,1025,96.0
1026,1122,2.0
1026,1307,1.0
1026,1321,126.6
1026,1322,5.5
1026,1324,45.0
1026,1325,12.2
1026,1354,1.5
1026,1373,24.666666666666668
1026,1457,1.0
1026,1537,15.2
1026,1620,1.0
1026,1767,2.0
1026,1776,1.0
1026,1780,1.0
1026,1868,1.0
1026,1888,2.0
1026,2018,1.0
1026,2020,1.0
1026,2216,1.0
1026,2217,1.0
1026,TI02,1.0
1026,TI11,1.0
1026,TI12,1.0
1027,1023,6.75
1027,1025,168.6
1027,1026,188.6
1027,1057,1.0
1027,1122,1.3333333333333333
1027,1129,1.0
1027,1266,1.0
1027,1307,1.0
1027,1321,211.0
1027,1322,4.0
1027,1324,142.2
1027,1325,2.5
1027,1373,25.0
1027,1457,1.3333333333333333
1027,1465,1.0
1027,1537,21.2
1027,1620,1.6666666666666667
1027,1731,1.0
1027,1766,1.0
1027,1767,1.5
1027,1774,1.0
1027,1780,3.75
1027,1868,1.5
1027,1888,12.0
1027,2018,1.5
1027,2020,1.5
1027,2099,1.0
1027,2216,4.0
1027,2217,5.0
1027,5720,1.0
1027,5828,2.0
1027,5855,1.6666666666666667
1027,5904,1.0
1027,LIB49,1.0
1027,LIB55,1.0
1027,PA288,1.0
1027,PA587,1.0
1027,PE031,1.0
1027,Q104,1.0
1027,Q80,1.0
1027,Q82,1.0
1027,TCI29,1.0
1027,TI24,1.0
1030,1023,457.8
1030,1025,1.5
1030,1027,5.4
1030,1031,1.0
1030,1131,1.0
1030,1208,1.0
1030,1209,1.0
1030,1220,109.5
1030,1266,129.66666666666666
1030,1307,1.0
1030,1321,33.8
1030,1322,25.5
1030,1324,1.0
1030,1359,2.0
1030,1373,141.66666666666666
1030,1465,1.0
1030,1513,2.0
1030,1611,2.0
1030,1620,75.2
1030,1650,1.0
1030,1780,2.0
1030,1888,2.0
1030,1954,1.0
1030,2032,1.0
1030,2040,1.0
1030,2706,1.0
1030,5904,118.0
1030,LIB49,13.8
1030,MI2,334.0
1030,PA97,1.0
1030,TCI22,1.0
1030,TI04,1.0
1030,TI12,1.0
1030,TIM10,1.0
1030,TIM11,1.0
1030,TIM12,5.0
1030,TIM13,1.0
1030,TIM14,6.0
1030,TIM20,1.0
1030,TIM22,1.0
1030,TIM41,1.0
1030,TIM42,1.0
1030,TIM50,1.6666666666666667
1030,TIM54,1.0
1030,TIM72,1.0
1031,1023,102.8
1031,1025,54.4
1031,1026,49.6
1031,1027,43.0
1031,1122,13.4
1031,1215,2.0
1031,1220,13.0
1031,1266,12.0
1031,1307,1.0
1031,1321,99.8
1031,1322,31.5
1031,1324,11.6
1031,1325,2.3333333333333335
1031,1340,1.0
1031,1354,1.3333333333333333
1031,1359,3.0
1031,1373,104.66666666666667
1031,1465,1.0
1031,1508,2.75
1031,1513,1.3333333333333333
1031,1522,1.0
1031,1524,1.0
1031,1527,1.0
1031,1537,4.0
1031,1611,1.0
1031,1620,33.4
1031,1650,2.0
1031,1716,1.3333333333333333
1031,1722,1.0
1031,1723,2.0
1031,1731,1.0
1031,1758,1.0
1031,1766,1.0
1031,1767,1.0
1031,1775,1.0
1031,1780,1.5
1031,1818,1.0
1031,1888,1.0
1031,1937,1.0
1031,1940,1.0
1031,2018,1.0
1031,2020,1.0
1031,2040,1.0
1031,2216,1.0
1031,2217,1.0
1031,2412,1.0
1031,5904,5.4
1031,MI2,3.0
1031,PA563,1.0
1031,Q69,1.0
1031,TCI29,1.0
1031,TIM10,1.0
1031,TIM11,1.0
1031,TIM12,1.0
1031,TIM13,1.0
1031,TIM22,1.0
1031,TIM50,1.0
1038,1522,1.0
1057,1213,1.0
1057,1324,1.0
1057,1325,1.3333333333333333
1057,1340,3.0
1057,1354,2.0
1057,1537,1.3333333333333333
1057,1632,6.0
1057,1730,1.0
1057,1731,3.0
1057,1758,1.0
1057,1767,1.0
1057,1774,1.0
1057,1775,1.0
1057,1776,2.0
1057,1781,1.0
1057,1868,4.0
1057,5828,2.0
1061,1023,437.0
1061,1025,1.0
1061,1026,13.75
1061,1027,15.4
1061,1030,1218.6
1061,1031,97.0
1061,1062,1.0
1061,1066,1.0
1061,1151,712.4
1061,1152,1.0
1061,1154,1.0
1061,1220,94.5
1061,1266,108.33333333333333
1061,1307,1.0
1061,1321,63.6
1061,1322,26.0
1061,1359,2.2
1061,1373,227.33333333333334
1061,1508,1.5
1061,1513,1.0
1061,1611,1.0
1061,1620,63.4
1061,1780,1.0
1061,1888,3.0
1061,2040,1.0
1061,2231,1.25
1061,2706,1.0
1061,5855,1.0
1061,5904,94.4
1061,LIB49,7.8
1061,MI2,4.0
1061,PA355,1.0
1061,PA455,1.0
1061,PA681,1.0
1061,PA684,3.0
1061,PA685,1.5
1061,PA690,1.5
1061,PA97,1.0
1061,PC135,1.0
1061,PC136,1.0
1061,PE95,1.0
1061,PG02,1.0
1061,PG32,1.0
1061,TCI11,1.0
1061,TCI22,1.0
1061,TCI24,1.0
1061,TCI29,1.0
1061,TI04,1.0
1061,TI12,1.0
1061,TI14,1.0
1061,TI15,1.0
1061,TI21,1.0
1061,TI24,1.0
1061,TIM10,1.0
1061,TIM11,1.0
1061,TIM12,1.0
1061,TIM13,1.0
1061,TIM14,1.0
1061,TIM20,1.0
1061,TIM41,1.0
1061,TIM42,1.0
1061,TIM50,1.3333333333333333
1062,1023,97.2
1062,1025,1.0
1062,1026,48.2
1062,1027,60.2
1062,1030,36.0
1062,1031,227.4
1062,1122,10.8
1062,1131,2.0
1062,1151,82.0
1062,1152,85.8
1062,1153,40.0
1062,1154,12.6
1062,1215,1.0
1062,1220,10.5
1062,1266,10.333333333333334
1062,1270,1.0
1062,1307,3.5
1062,1321,106.6
1062,1322,39.0
1062,1324,13.4
1062,1325,2.75
1062,1340,1.0
1062,1353,3.0
1062,1354,1.5
1062,1359,2.5
1062,1373,78.0
1062,1434,1.0
1062,1464,2.0
1062,1465,2.0
1062,1508,1.25
1062,1513,2.0
1062,1522,1.0
1062,1527,1.0
1062,1537,3.0
1062,1611,1.25
1062,1620,36.6
1062,1650,1.0
1062,1716,1.6666666666666667
1062,1723,2.0
1062,1731,1.0
1062,1764,1.75
1062,1766,1.0
1062,1767,1.5
1062,1775,1.0
1062,1776,1.0
1062,1780,1.6666666666666667
1062,1828,1.0
1062,1850,1.3333333333333333
1062,1888,3.0
1062,1938,2.0
1062,2001,1.0
1062,2040,1.0
1062,2108,2.0
1062,2216,1.0
1062,2217,1.0
1062,2231,1.3333333333333333
1062,2240,1.0
1062,2244,1.0
1062,2412,1.0
1062,5855,1.0
1062,5904,6.0
1062,5916,1.0
1062,LIB49,1.0
1062,PA563,1.0
1062,PA684,1.0
1062,PM60,1.0
1062,TCI24,1.0
1062,TIM10,1.0
1062,TIM11,1.0
1062,TIM12,1.0
1062,TIM13,1.0
1062,TIM14,1.0
1062,TIM20,1.0
1062,TIM50,1.0
1062,TIM51,1.0
1062,TIM55,1.0
1062,TIM61,1.0
1063,1023,13.8
1063,1025,208.0
1063,1026,2.6
1063,1027,10.6
1063,1031,33.2
1063,1038,5.0
1063,1057,1.0
1063,1066,1.0
1063,1122,120.0
1063,1131,1.0
1063,1151,25.2
1063,1152,52.2
1063,1153,149.0
1063,1154,112.6
1063,1209,2.0
1063,1215,1.0
1063,1220,10.0
1063,1266,10.666666666666666
1063,1307,6.6
1063,1321,16.4
1063,1322,7.5
1063,1324,3.0
1063,1325,2.0
1063,1340,2.0
1063,1353,1.0
1063,1354,1.5
1063,1359,4.75
1063,1373,13.333333333333334
1063,1418,2.0
1063,1419,1.0
1063,1450,1.6666666666666667
1063,1457,1.3333333333333333
1063,1464,2.0
1063,1465,2.0
1063,1508,10.6
1063,1513,5.2
1063,1522,1.6666666666666667
1063,1524,1.5
1063,1527,1.3333333333333333
1063,1537,1.25
1063,1539,1.0
1063,1545,2.0
1063,1610,10.333333333333334
1063,1611,2.0
1063,1620,42.0
1063,1650,11.0
1063,1700,1.0
1063,1716,1.6666666666666667
1063,1720,1.0
1063,1723,7.4
1063,1724,1.0
1063,1730,1.0
1063,1764,4.6
1063,1774,2.0
1063,1775,2.0
1063,1776,1.0
1063,1780,1.5
1063,1781,1.0
1063,1835,3.0
1063,1850,1.0
1063,1854,1.0
1063,1857,1.0
1063,1871,5.333333333333333
1063,1920,1.0
1063,1940,3.0
1063,1942,2.0
1063,1954,1.6666666666666667
1063,2001,1.5
1063,2018,1.0
1063,2020,1.0
1063,2040,1.0
1063,2098,1.0
1063,2108,5.0
1063,2207,1.0
1063,2216,2.0
1063,2217,1.5
1063,2230,2.6666666666666665
1063,2231,2.6
1063,2240,1.0
1063,2244,1.3333333333333333
1063,2366,1.5
1063,2371,1.0
1063,2391,2.0
1063,2412,1.5
1063,2414,6.25
1063,2415,1.0
1063,2504,1.0
1063,3207,1.0
1063,3334,1.0
1063,5005,1.0
1063,5609,1.0
1063,5715,1.0
1063,5855,1.0
1063,5904,2.8
1063,5916,1.3333333333333333
1063,Q13,1.0
1063,Q21,1.5
1063,Q22,1.3333333333333333
1063,Q68,1.0
1063,Q71,1.0
1063,TCI21,1.0
1063,TCI24,1.0
1063,TIM10,1.0
1063,TIM11,1.0
1063,TIM12,1.0
1063,TIM13,1.0
1066,1023,9.6
1066,1025,11.0
1066,1026,1.5
1066,1027,3.0
1066,1031,1.3333333333333333
1066,1122,36.8
1066,1129,2.0
1066,1131,5.333333333333333
1066,1209,1.0
1066,1215,1.0
1066,1266,1.0
1066,1307,45.6
1066,1316,2.0
1066,1321,5.6
1066,1322,3.5
1066,1324,2.75
1066,1325,1.75
1066,1340,1.0
1066,1354,1.0
1066,1373,4.666666666666667
1066,1450,2.6
1066,1456,11.0
1066,1457,39.4
1066,1461,4.25
1066,1513,41.2
1066,1537,3.4
1066,1556,2.3333333333333335
1066,1610,7.333333333333333
1066,1620,3.4
1066,1650,8.5
1066,1716,2.0
1066,1722,1.0
1066,1723,1.6666666666666667
1066,1724,1.0
1066,1766,1.0
1066,1767,1.0
1066,1788,1.0
1066,1824,1.5
1066,1856,1.3333333333333333
1066,1857,1.0
1066,1868,1.0
1066,1871,8.666666666666666
1066,1886,1.0
1066,1920,2.0
1066,1940,1.0
1066,2001,2.0
1066,2004,1.0
1066,2011,1.8
1066,2013,1.0
1066,2018,1.3333333333333333
1066,2020,1.5
1066,2099,1.0
1066,2391,1.0
1066,2706,1.0
1066,2707,1.0
1066,3334,1.0
1066,5508,1.3333333333333333
1066,5603,1.0
1066,5705,1.5
1066,5720,1.3333333333333333
1066,5815,1.0
1066,5828,2.0
1066,5855,2.75
1066,LIB49,1.0
1066,PA243,1.0
1066,PA524,1.0
1122,1025,117.8
1122,1209,2.0
1122,1220,11.0
1122,1266,10.333333333333334
1122,1307,25.8
1122,1321,3.4
1122,1322,4.5
1122,1324,1.25
1122,1373,10.0
1122,1456,10.0
1122,1457,12.2
1122,1461,6.0
1122,1556,1.6
1122,1620,46.2
1122,1700,1.0
1122,1722,1.0
1122,1724,2.6
1122,1868,6.0
1122,2001,6.333333333333333
1122,2011,2.0
1122,2013,1.3333333333333333
1122,2018,1.25
1122,2020,1.0
1122,2022,1.5
1122,2032,1.0
1122,2099,1.0
1122,2210,3.0
1122,2211,2.0
1122,2216,1.6666666666666667
1122,2217,1.0
1122,2371,1.6666666666666667
1122,2403,1.0
1122,2414,1.0
1122,5005,1.0
1122,5508,1.0
1122,5514,1.5
1122,5603,1.0
1122,5705,1.0
1122,5720,1.75
1122,5828,1.0
1122,5839,1.5
1122,5855,2.3333333333333335
1122,5904,1.75
1122,TI21,1.0
1122,TIM51,1.0
1129,1307,2.0
1129,1373,1.0
1129,1457,3.0
1129,1620,1.0
1131,1023,2.0
1131,1025,2.0
1131,1027,1.0
1131,1057,1.0
1131,1122,4.0
1131,1266,2.0
1131,1307,3.0
1131,1321,2.5
1131,1324,1.0
1131,1325,1.0
1131,1450,2.0
1131,1456,1.0
1131,1457,4.666666666666667
1131,1461,2.6666666666666665
1131,1508,1.0
1131,1513,1.6666666666666667
1131,1537,1.0
1131,1556,3.0
1131,1610,2.5
1131,1620,1.0
1131,1650,2.0
1131,1716,1.0
1131,1722,1.0
1131,1818,1.0
1131,1824,1.0
1131,1856,1.5
1131,1868,3.0
1131,2004,4.0
1131,2013,2.5
1131,2207,1.0
1131,2450,1.0
1131,2505,1.0
1131,2707,1.5
1131,5504,1.0
1131,5508,2.0
1131,5603,1.0
1131,5828,1.0
1131,5839,1.0
1131,PA288,1.0
1140,1727,1.0
1140,1856,1.0
1140,2004,1.0
1140,TIM22,1.0
1140,TIM71,1.0
1140,TIM80,1.0
1151,1023,80.0
1151,1025,59.0
1151,1026,16.4
1151,1027,55.6
1151,1030,816.2
1151,1031,99.6
1151,1057,1.0
1151,1066,3.0
1151,1131,1.0
1151,1213,1.0
1151,1215,1.5
1151,1220,92.5
1151,1266,128.0
1151,1307,2.0
1151,1316,2.0
1151,1321,57.2
1151,1322,14.0
1151,1324,10.8
1151,1325,7.6
1151,1340,2.75
1151,1354,4.5
1151,1359,3.5
1151,1373,70.0
1151,1464,1.0
1151,1465,1.0
1151,1508,3.5
1151,1513,1.0
1151,1522,1.0
1151,1524,1.0
1151,1527,1.0
1151,1537,7.6
1151,1610,8.666666666666666
1151,1611,1.3333333333333333
1151,1620,82.0
1151,1631,1.0
1151,1650,24.0
1151,1716,3.6
1151,1730,1.6666666666666667
1151,1731,3.0
1151,1749,1.5
1151,1758,3.5
1151,1766,1.0
1151,1767,2.0
1151,1774,2.5
1151,1775,1.5
1151,1776,1.3333333333333333
1151,1780,1.5
1151,1781,2.0
1151,1828,5.0
1151,1835,1.0
1151,1871,2.3333333333333335
1151,1876,1.0
1151,1886,1.0
1151,1888,5.0
1151,1898,1.0
1151,1937,2.0
1151,1938,3.0
1151,1942,2.0
1151,1952,1.0
1151,2018,1.0
1151,2020,1.0
1151,2040,2.0
1151,2216,1.6666666666666667
1151,2217,1.5
1151,2412,1.0
1151,2414,1.3333333333333333
1151,2706,1.0
1151,3207,1.0
1151,5828,1.0
1151,5904,100.6
1151,5916,2.25
1151,LIB49,11.8
1151,MI2,129.0
1151,PA97,1.0
1151,Q13,1.0
1151,TCI11,1.0
1151,TCI21,1.0
1151,TI02,1.0
1151,TI11,1.0
1151,TI12,1.0
1151,TI25,1.0
1151,TI26,1.0
1151,TIM10,1.5
1151,TIM11,1.3333333333333333
1151,TIM12,2.0
1151,TIM13,2.0
1151,TIM14,2.0
1151,TIM20,1.5
1151,TIM22,1.5
1151,TIM50,1.5
1152,1023,4.4
1152,1025,50.4
1152,1026,1.0
1152,1027,3.0
1152,1030,6.2
1152,1031,61.0
1152,1066,2.8
1152,1122,4.25
1152,1153,49.4
1152,1154,2.0
1152,1209,1.0
1152,1215,2.0
1152,1220,12.5
1152,1266,7.0
1152,1307,3.2
1152,1316,1.0
1152,1321,3.25
1152,1322,6.0
1152,1324,1.0
1152,1340,1.0
1152,1359,2.5
1152,1373,15.333333333333334
1152,1418,1.0
1152,1419,2.0
1152,1421,2.0
1152,1450,1.0
1152,1457,1.0
1152,1464,2.0
1152,1465,2.0
1152,1508,5.4
1152,1513,1.0
1152,1524,1.0
1152,1537,1.0
1152,1556,1.0
1152,1610,3.3333333333333335
1152,1611,1.5
1152,1620,37.0
1152,1650,5.0
1152,1700,1.0
1152,1723,3.6666666666666665
1152,1731,1.0
1152,1758,1.0
1152,1776,1.0
1152,1857,2.0
1152,1871,2.5
1152,1940,3.0
1152,1954,1.5
1152,2001,1.0
1152,2040,1.0
1152,2110,1.0
1152,2207,1.0
1152,2216,1.5
1152,2217,1.0
1152,2247,1.0
1152,2371,1.0
1152,2382,1.0
1152,2412,2.0
1152,2414,1.5
1152,2804,1.0
1152,5828,1.0
1152,5855,1.0
1152,5904,2.3333333333333335
1152,5916,1.0
1152,LIB49,1.0
1152,LIB55,1.0
1152,MI2,1.0
1152,Q21,1.0
1152,TIM10,1.0
1152,TIM11,1.0
1152,TIM12,1.0
1152,TIM13,1.0
1152,TIM14,1.0
1152,TIM50,1.0
1152,TIM81,1.0
1153,1023,9.0
1153,1025,126.2
1153,1026,3.0
1153,1027,3.75
1153,1030,5.0
1153,1031,28.4
1153,1038,4.0
1153,1057,1.0
1153,1066,7.8
1153,1122,108.0
1153,1154,112.8
1153,1209,2.0
1153,1215,1.6666666666666667
1153,1220,9.0
1153,1266,6.666666666666667
1153,1307,5.8
1153,1321,10.6
1153,1322,6.5
1153,1324,1.5
1153,1325,1.0
1153,1340,1.0
1153,1354,1.0
1153,1359,4.4
1153,1373,12.666666666666666
1153,1418,1.5
1153,1419,1.6666666666666667
1153,1421,1.5
1153,1450,1.0
1153,1464,3.0
1153,1465,3.0
1153,1508,11.0
1153,1513,4.6
1153,1522,5.25
1153,1524,1.0
1153,1527,4.0
1153,1537,1.3333333333333333
1153,1539,1.0
1153,1610,11.666666666666666
1153,1611,1.5
1153,1620,30.8
1153,1631,1.0
1153,1650,10.0
1153,1700,3.0
1153,1716,1.0
1153,1723,12.8
1153,1758,1.0
1153,1767,1.0
1153,1780,1.0
1153,1871,7.0
1153,1920,1.0
1153,1940,4.5
1153,1942,1.0
1153,1954,4.666666666666667
1153,2001,1.0
1153,2018,1.0
1153,2020,1.0
1153,2032,1.0
1153,2098,1.0
1153,2110,1.0
1153,2207,1.5
1153,2216,1.3333333333333333
1153,2217,1.0
1153,2247,1.0
1153,2355,3.0
1153,2371,1.0
1153,2381,2.0
1153,2382,1.0
1153,2405,1.0
1153,2411,1.0
1153,2412,1.5
1153,2414,5.0
1153,2419,1.0
1153,2504,1.0
1153,3334,1.0
1153,5828,1.0
1153,5855,2.0
1153,5904,3.5
1153,LIB49,2.0
1153,Q13,1.0
1153,Q16,1.3333333333333333
1153,Q21,7.4
1153,Q624,1.0
1153,Q68,1.0
1153,Q69,1.0
1153,Q71,1.5
1153,TCI21,1.0
1153,TIM10,1.0
1153,TIM11,1.0
1153,TIM12,1.0
1153,TIM13,1.0
1153,TIM14,1.0
1153,TIM22,1.0
1153,TIM50,1.0
1153,TIM81,1.0
1154,1023,4.0
1154,1025,108.4
1154,1027,1.0
1154,1030,2.6666666666666665
1154,1031,11.2
1154,1066,14.4
1154,1122,163.0
1154,1131,1.6666666666666667
1154,1209,1.0
1154,1215,2.0
1154,1220,7.0
1154,1266,8.0
1154,1307,8.0
1154,1321,3.6
1154,1322,5.0
1154,1324,2.0
1154,1325,1.0
1154,1359,1.0
1154,1373,9.666666666666666
1154,1450,1.0
1154,1456,1.0
1154,1457,1.5
1154,1508,15.4
1154,1513,6.8
1154,1537,1.0
1154,1539,1.0
1154,1610,14.666666666666666
1154,1620,39.8
1154,1650,15.5
1154,1700,1.0
1154,1716,1.0
1154,1722,1.0
1154,1723,18.8
1154,1724,1.0
1154,1824,2.0
1154,1856,1.6666666666666667
1154,1871,7.666666666666667
1154,1920,1.0
1154,1940,2.5
1154,1954,5.0
1154,2001,1.0
1154,2018,1.0
1154,2020,1.0
1154,2032,1.0
1154,2040,1.0
1154,2207,1.0
1154,2211,1.0
1154,2216,1.0
1154,2217,1.0
1154,2371,1.0
1154,2381,1.5
1154,2382,1.0
1154,2411,1.0
1154,2414,1.0
1154,2706,1.3333333333333333
1154,2707,1.0
1154,2804,1.0
1154,5005,1.0
1154,5508,1.0
1154,5904,1.6666666666666667
1154,Q21,15.2
1154,Q624,2.0
1154,Q68,1.5
1154,Q69,2.0
1154,Q71,2.0
1154,Q80,2.0
1154,Q81,2.0
1154,TIM10,1.0
1154,TIM11,1.0
1154,TIM13,1.0
1154,TIM41,1.0
1154,TIM42,1.0
1154,TIM71,1.0
1154,TIM72,1.0
1208,1209,1.0
1208,1321,1.0
1208,1373,1.0
1208,2032,1.0
1208,5855,2.0
1209,1025,1.0
1209,1307,1.0
1209,1321,1.0
1209,1373,1.0
1209,1556,2.0
1209,2032,1.0
1213,1325,1.0
1213,1537,2.0
1213,1730,1.0
1213,1758,1.0
1213,1767,1.0
1213,1775,1.0
1213,1780,1.0
1213,1938,1.0
1213,2398,1.0
1215,Q104,1.0
1215,Q196B,1.0
1215,Q21,3.75
1215,Q68,2.0
1215,Q71,1.3333333333333333
1220,1522,2.0
1220,1527,2.0
1220,1722,1.0
1220,1824,1.0
1220,2371,2.0
1220,5904,1.0
1235,1461,2.0
1235,1556,3.0
1235,1650,1.0
1235,5712,1.0
1235,Q16,2.0
1266,1824,1.5
1266,2216,1.0
1266,2217,1.0
1266,2371,2.0
1266,2505,2.0
1270,1023,1.0
1270,1025,2.0
1270,1027,5.0
1270,1151,3.0
1270,1321,2.0
1270,1324,2.0
1270,1325,1.0
1270,1353,1.0
1270,1610,2.0
1270,1767,1.0
1270,1774,1.0
1270,1876,1.0
1270,1942,1.0
1270,2040,1.0
1270,2216,2.0
1271,1025,2.0
1271,1031,1.0
1271,1151,5.0
1271,1316,1.0
1271,1324,1.0
1271,1325,1.0
1271,1340,8.0
1271,1353,1.0
1271,1354,7.0
1271,1434,3.0
1271,1537,4.0
1271,1631,2.0
1271,1650,1.0
1271,1716,1.0
1271,1730,7.0
1271,1731,1.0
1271,1758,6.0
1271,1767,6.0
1271,1775,1.0
1271,1776,1.0
1271,1781,1.0
1271,1828,5.0
1271,1848,1.0
1271,1871,11.0
1271,1876,1.0
1271,1942,14.0
1271,2216,1.0
1271,2217,1.0
1271,5828,1.0
1271,5916,3.0
1307,1456,8.0
1307,1457,27.0
1307,1537,1.0
1307,2001,1.0
1307,2013,1.5
1307,5508,1.25
1307,5514,1.0
1307,5603,1.0
1307,5705,2.0
1307,5720,3.0
1307,5828,1.0
1307,5855,1.0
1307,LIB49,1.0
1316,1025,1.0
1316,1026,1.0
1316,1027,2.6666666666666665
1316,1057,1.0
1316,1325,7.75
1316,1340,10.5
1316,1354,10.5
1316,1450,1.6666666666666667
1316,1537,9.2
1316,1610,6.0
1316,1632,1.0
1316,1650,5.5
1316,1716,10.2
1316,1730,3.6666666666666665
1316,1731,4.0
1316,1749,2.5
1316,1758,2.0
1316,1767,2.5
1316,1774,3.0
1316,1775,2.75
1316,1776,1.5
1316,1778,1.0
1316,1780,1.5
1316,1781,3.0
1316,1828,3.0
1316,1848,2.0
1316,1898,4.0
1316,1938,3.0
1316,1952,2.0
1316,2002,1.0
1316,5828,1.5
1321,1266,1.0
1321,1307,2.6
1321,1324,1.0
1321,1325,1.0
1321,1456,4.0
1321,1457,5.25
1321,1465,1.0
1321,1537,1.0
1321,1556,1.0
1321,1780,3.0
1321,1824,1.0
1321,1888,12.0
1321,2013,1.0
1321,2099,1.0
1321,2216,1.5
1321,2217,1.0
1321,2411,1.0
1321,5508,1.0
1321,5828,2.0
1321,5853,1.0
1321,5855,2.6
1321,5866,1.0
1321,5904,1.5
1321,5906,1.0
1321,LIB49,1.5
1321,LIB55,2.5
1321,Q68,1.0
1321,Q71,1.0
1322,1220,1.0
1322,1457,4.0
1322,1722,1.0
1322,5904,2.5
1322,PA439,1.0
1324,1266,1.0
1324,1325,88.4
1324,1340,2.0
1324,1354,1.5
1324,1457,2.6666666666666665
1324,1537,86.6
1324,1556,3.0
1324,1780,3.0
1324,1886,2.0
1324,1888,6.0
1324,1952,1.0
1324,2013,3.0
1324,5705,1.0
1324,5720,1.3333333333333333
1324,5828,4.0
1324,5855,1.0
1324,PA243,1.0
1324,TI11,1.0
1324,TI12,1.0
1325,1886,3.0
1325,2216,1.5
1325,2217,2.0
1325,5828,1.0
1325,PA243,1.0
1340,1537,17.25
1340,1730,1.5
1340,1758,3.5
1340,1766,2.0
1340,1774,5.5
1340,1775,4.0
1340,1776,1.0
1340,1780,3.0
1340,1781,4.0
1340,1848,1.0
1340,1876,4.0
1340,1886,1.0
1340,1898,12.0
1340,1937,1.0
1340,1938,8.0
1340,1952,2.0
1340,2398,1.0
1340,5705,1.0
1340,5720,1.0
1340,5828,1.5
1347,1151,1.0
1347,1316,2.0
1347,1340,1.0
1347,1353,2.0
1347,1537,3.0
1347,1716,1.0
1347,1731,1.0
1347,1758,1.0
1347,1766,1.0
1347,1767,2.0
1347,1774,2.0
1347,1898,1.0
1347,1938,1.0
1347,1942,1.0
1352,1027,3.0
1352,1316,1.0
1352,1324,3.0
1352,1325,1.0
1352,1340,2.0
1352,1354,1.0
1352,1447,2.0
1352,1450,6.0
1352,1537,3.0
1352,1545,2.0
1352,1610,4.0
1352,1631,1.0
1352,1716,2.0
1352,1730,2.0
1352,1731,1.0
1352,1766,1.0
1352,1835,1.0
1352,1871,2.0
1352,1942,1.0
1352,5916,2.0
1353,1025,2.6666666666666665
1353,1026,2.0
1353,1027,3.75
1353,1031,1.5
1353,1057,1.0
1353,1151,3.0
1353,1152,1.0
1353,1213,1.0
1353,1316,2.6666666666666665
1353,1324,3.2
1353,1325,6.666666666666667
1353,1340,3.0
1353,1354,3.0
1353,1450,1.0
1353,1537,5.0
1353,1556,1.0
1353,1610,2.6666666666666665
1353,1631,1.0
1353,1632,3.0
1353,1636,2.0
1353,1650,5.5
1353,1716,4.4
1353,1730,3.3333333333333335
1353,1731,3.5
1353,1749,3.5
1353,1758,3.2
1353,1766,1.5
1353,1767,2.0
1353,1774,1.3333333333333333
1353,1775,2.0
1353,1776,3.0
1353,1778,1.0
1353,1780,3.0
1353,1781,1.0
1353,1828,3.0
1353,1835,3.0
1353,1857,1.0
1353,1871,7.5
1353,1876,2.0
1353,1898,2.0
1353,1937,1.0
1353,1938,3.0
1353,1942,3.2
1353,2216,2.0
1353,2398,2.0
1353,3207,1.0
1353,5916,2.0
1354,1325,1.5
1354,1340,23.0
1354,1537,35.75
1354,1730,2.75
1354,1758,5.5
1354,1766,5.0
1354,1774,10.0
1354,1775,6.0
1354,1776,4.25
1354,1780,2.0
1354,1781,6.0
1354,1848,1.0
1354,1876,1.0
1354,1937,1.5
1354,1952,1.0
1354,2216,2.5
1354,2217,2.0
1354,5705,1.0
1354,5828,3.0
1354,PE57,1.0
1359,1220,5.0
1359,1266,1.0
1359,1465,4.0
1359,1522,2.75
1359,1524,1.0
1359,1527,2.5
1373,1266,3.0
1373,1321,1.5
1373,1457,2.0
1373,2001,1.0
1373,2216,1.0
1373,2217,1.0
1373,5508,1.0
1373,5904,7.333333333333333
1373,LIB49,4.0
1373,Q80,1.0
1373,TI11,1.0
1373,TIM41,1.0
1418,1359,1.0
1418,1419,2.0
1418,1421,1.0
1418,1522,2.0
1418,1524,9.0
1418,1527,2.0
1418,1611,4.5
1418,2110,1.0
1418,2112,1.0
1418,2247,3.0
1418,2412,1.5
1418,2414,1.0
1419,1359,2.0
1419,1421,8.0
1419,1465,1.0
1419,1611,1.0
1419,2112,2.0
1419,2247,2.0
1419,2412,7.0
1420,1152,1.0
1420,1153,1.5
1420,1359,3.0
1420,1418,1.5
1420,1419,7.5
1420,1421,7.5
1420,1871,1.0
1420,2025,1.0
1420,2112,2.0
1420,2247,2.0
1420,2412,6.0
1421,1359,3.0
1421,1611,1.0
1421,2112,2.0
1421,2412,6.0
1434,1025,1.0
1434,1057,1.0
1434,1151,2.0
1434,1213,1.0
1434,1316,2.25
1434,1325,1.0
1434,1340,5.333333333333333
1434,1353,3.0
1434,1354,3.5
1434,1447,2.5
1434,1450,1.0
1434,1537,1.6666666666666667
1434,1545,2.0
1434,1610,2.0
1434,1631,1.0
1434,1632,1.0
1434,1636,1.5
1434,1650,1.0
1434,1716,3.75
1434,1730,2.5
1434,1731,4.0
1434,1749,1.0
1434,1758,1.5
1434,1766,1.0
1434,1767,1.3333333333333333
1434,1774,5.0
1434,1775,2.3333333333333335
1434,1776,4.5
1434,1780,1.0
1434,1781,2.6666666666666665
1434,1828,7.0
1434,1835,2.0
1434,1857,1.5
1434,1868,1.0
1434,1871,6.5
1434,1886,1.0
1434,1898,7.0
1434,1937,1.0
1434,1938,2.0
1434,1942,2.6666666666666665
1434,1952,2.5
1434,2216,1.0
1434,2217,1.0
1434,5828,1.0
1434,5916,4.0
1438,1026,3.0
1438,1027,8.0
1438,1057,1.0
1438,1066,1.0
1438,1122,1.5
1438,1151,1.0
1438,1271,1.0
1438,1316,2.0
1438,1321,1.5
1438,1324,8.0
1438,1325,1.5
1438,1340,1.0
1438,1353,2.0
1438,1354,2.0
1438,1434,1.5
1438,1447,2.0
1438,1450,2.0
1438,1537,4.0
1438,1610,2.0
1438,1650,7.0
1438,1716,2.0
1438,1731,1.0
1438,1828,2.0
1438,1871,6.0
1438,2040,3.0
1438,5715,1.0
1438,5828,1.0
1438,5849,1.0
1438,5850,1.0
1438,5916,2.0
1440,1057,1.0
1440,1354,5.0
1440,1434,2.0
1440,1447,1.0
1440,1537,1.0
1440,1610,2.0
1440,1716,2.0
1440,1749,1.0
1440,1758,2.0
1440,1776,1.0
1440,1780,1.0
1440,1781,1.0
1440,1866,1.0
1440,1942,1.0
1440,1952,2.0
1447,1025,1.0
1447,1057,2.0
1447,1151,3.0
1447,1316,3.5
1447,1340,3.0
1447,1353,1.0
1447,1354,5.5
1447,1450,1.5
1447,1537,4.666666666666667
1447,1545,1.0
1447,1610,3.6666666666666665
1447,1631,1.0
1447,1650,1.0
1447,1716,4.5
1447,1730,3.0
1447,1731,2.0
1447,1749,2.5
1447,1758,1.0
1447,1774,1.0
1447,1775,3.0
1447,1776,3.0
1447,1780,1.0
1447,1781,3.0
1447,1835,3.0
1447,1857,2.0
1447,1868,1.0
1447,1937,2.0
1447,1942,1.6666666666666667
1447,1952,1.0
1447,5705,1.0
1447,5916,5.5
1448,1151,1.0
1448,1316,1.0
1448,1325,1.0
1448,1340,1.0
1448,1352,1.0
1448,1354,4.333333333333333
1448,1434,2.0
1448,1447,1.0
1448,1450,2.0
1448,1537,2.0
1448,1545,2.0
1448,1716,4.666666666666667
1448,1730,1.0
1448,1731,1.0
1448,1758,1.0
1448,1766,1.0
1448,1767,1.0
1448,1775,1.0
1448,1776,2.0
1448,1781,1.5
1448,1942,1.0
1448,1949,1.0
1448,1952,1.0
1448,5916,3.3333333333333335
1450,1023,2.0
1450,1026,2.0
1450,1027,3.0
1450,1057,1.5
1450,1122,1.0
1450,1129,1.0
1450,1208,1.0
1450,1307,1.0
1450,1321,3.0
1450,1324,3.4
1450,1325,2.5
1450,1340,2.0
1450,1354,3.5
1450,1373,2.0
1450,1456,1.0
1450,1457,1.75
1450,1461,3.6
1450,1513,2.2
1450,1537,5.6
1450,1620,1.0
1450,1632,1.0
1450,1636,1.0
1450,1730,1.0
1450,1731,1.0
1450,1766,1.0
1450,1774,1.0
1450,1776,1.0
1450,1780,1.0
1450,1781,1.0
1450,1828,1.0
1450,1868,1.0
1450,1886,1.0
1450,1937,1.0
1450,2013,2.0
1450,2018,1.0
1450,2020,1.0
1450,2022,1.0
1450,2060,1.0
1450,5508,1.0
1450,5720,2.6666666666666665
1450,5828,4.0
1450,5839,4.0
1450,5853,1.0
1450,5855,4.4
1450,5866,1.0
1450,PE031,1.0
1457,1266,1.0
1457,1456,2.0
1457,1537,1.3333333333333333
1457,1556,1.25
1457,5514,1.0
1457,5603,1.6666666666666667
1457,5720,1.0
1457,PA288,1.0
1461,1025,1.0
1461,1209,1.0
1461,1307,5.0
1461,1321,2.0
1461,1324,1.0
1461,1457,1.5
1461,1556,15.4
1461,1620,2.5
1461,1868,1.0
1461,2011,4.4
1461,2013,2.0
1461,2018,2.25
1461,2020,2.0
1461,2022,2.0
1461,5508,7.6
1461,5514,2.25
1461,5603,4.4
1461,5705,3.0
1461,5720,4.75
1461,5828,5.5
1461,5839,4.5
1461,5853,5.0
1461,5855,2.6
1461,5866,1.5
1462,1023,1.5
1462,1122,2.0
1462,1307,1.0
1462,1321,1.0
1462,1324,1.0
1462,1450,4.6
1462,1461,6.0
1462,1513,1.0
1462,1534,2.3333333333333335
1462,1537,3.3333333333333335
1462,1545,1.0
1462,1556,1.25
1462,1610,1.0
1462,1650,2.0
1462,1871,1.6666666666666667
1462,2011,1.0
1462,2013,3.25
1462,2018,1.0
1462,2020,1.5
1462,2060,1.0
1462,2061,2.0
1462,5508,1.0
1462,5609,1.5
1462,5715,3.0
1462,5717,1.0
1462,5720,2.3333333333333335
1462,5815,1.0
1462,5828,3.0
1462,5839,2.0
1462,5849,2.8
1462,5850,4.4
1462,5853,3.0
1462,5855,4.25
1462,5864,1.0
1462,5866,1.5
1464,1027,1.0
1464,1321,1.0
1464,1359,1.0
1464,1465,13.0
1464,1524,5.0
1464,1611,7.0
1464,2112,2.0
1464,2412,2.0
1464,2414,1.0
1508,1025,7.4
1508,1122,29.8
1508,1220,3.5
1508,1266,4.0
1508,1321,1.0
1508,1851,1.5
1508,2210,1.0
1508,2216,2.0
1508,2371,1.5
1508,2381,1.3333333333333333
1513,1023,6.8
1513,1025,5.8
1513,1026,1.0
1513,1027,2.5
1513,1122,20.0
1513,1129,2.0
1513,1208,1.0
1513,1209,1.0
1513,1307,36.8
1513,1321,5.6
1513,1324,2.0
1513,1325,1.0
1513,1456,11.0
1513,1457,28.0
1513,1461,6.6
1513,1537,2.0
1513,1620,1.0
1513,1868,1.0
1513,2011,1.6
1513,2013,1.3333333333333333
1513,2018,2.5
1513,2020,2.6666666666666665
1513,2022,1.0
1513,2060,1.0
1513,2216,1.0
1513,2217,1.0
1513,5508,2.5
1513,5514,1.6666666666666667
1513,5518,1.5
1513,5603,1.5
1513,5705,2.0
1513,5720,2.0
1513,5828,1.5
1513,5853,2.0
1513,5855,4.0
1513,5866,1.0
1513,MI2,1.0
1513,PA288,1.0
1522,1527,8.5
1534,1023,1.0
1534,1025,1.0
1534,1066,1.0
1534,1122,1.3333333333333333
1534,1131,2.0
1534,1321,1.3333333333333333
1534,1324,2.5
1534,1457,2.0
1534,1461,1.25
1534,1556,3.6
1534,1610,1.0
1534,1650,2.0
1534,1857,2.0
1534,1871,1.0
1534,2011,2.8
1534,2013,6.5
1534,2018,2.0
1534,2020,5.0
1534,2021,2.0
1534,2061,2.0
1534,5508,1.0
1534,5609,2.3333333333333335
1534,5705,1.5
1534,5717,3.0
1534,5720,2.5
1534,5828,1.0
1534,5839,1.0
1534,5849,2.0
1534,5850,4.4
1534,5853,1.0
1534,5855,1.0
1534,5866,2.0
1534,Q16,1.0
1537,1325,134.0
1537,1456,2.0
1537,1766,2.5
1537,1774,5.0
1537,1775,4.666666666666667
1537,1776,2.3333333333333335
1537,1778,1.0
1537,1780,1.5
1537,1876,1.5
1537,1886,3.0
1537,2216,2.0
1537,2217,1.0
1537,5720,1.0
1537,5828,4.5
1537,5866,2.0
1537,PA243,1.0
1539,1023,1.0
1539,1122,4.0
1539,1220,1.0
1539,1266,1.5
1539,1321,1.0
1539,1373,1.5
1539,1610,2.0
1539,1620,1.5
1539,1632,4.0
1539,1650,2.0
1539,1723,3.8
1539,1868,8.0
1539,1920,12.0
1539,2032,1.0
1539,2098,2.0
1539,2099,1.6666666666666667
1539,2391,1.0
1539,2398,2.0
1539,3207,2.0
1539,Q16,6.2
1545,1025,3.0
1545,1027,1.0
1545,1057,1.3333333333333333
1545,1151,1.3333333333333333
1545,1316,1.6666666666666667
1545,1324,1.0
1545,1325,2.0
1545,1340,2.0
1545,1353,2.0
1545,1354,4.666666666666667
1545,1450,1.0
1545,1537,2.6666666666666665
1545,1610,2.0
1545,1631,2.0
1545,1636,1.0
1545,1716,4.333333333333333
1545,1730,1.5
1545,1731,3.0
1545,1749,1.0
1545,1758,1.0
1545,1766,3.0
1545,1767,3.0
1545,1774,1.0
1545,1775,1.0
1545,1776,1.0
1545,1781,2.0
1545,1835,2.0
1545,1857,1.0
1545,1871,3.0
1545,1942,1.3333333333333333
1545,5904,1.0
1545,5916,2.5
1556,1537,1.0
1556,5720,2.0
1556,5828,1.0
1556,5853,1.0
1556,5866,1.0
1610,1023,7.666666666666667
1610,1025,1.5
1610,1026,10.666666666666666
1610,1027,63.0
1610,1057,1.0
1610,1122,39.333333333333336
1610,1220,8.5
1610,1266,5.0
1610,1307,2.3333333333333335
1610,1321,23.333333333333332
1610,1322,4.0
1610,1324,83.33333333333333
1610,1325,70.0
1610,1340,9.5
1610,1354,24.0
1610,1373,2.0
1610,1450,6.0
1610,1456,2.0
1610,1457,3.0
1610,1461,2.6666666666666665
1610,1508,13.333333333333334
1610,1513,1.6666666666666667
1610,1537,82.66666666666667
1610,1556,2.0
1610,1620,6.666666666666667
1610,1700,2.0
1610,1722,2.0
1610,1724,3.6666666666666665
1610,1727,1.0
1610,1730,2.0
1610,1731,12.333333333333334
1610,1749,3.5
1610,1758,3.3333333333333335
1610,1766,1.0
1610,1767,1.5
1610,1774,2.5
1610,1775,2.3333333333333335
1610,1776,2.6666666666666665
1610,1780,3.0
1610,1781,3.0
1610,1818,4.666666666666667
1610,1824,13.0
1610,1851,2.0
1610,1856,14.333333333333334
1610,1868,6.5
1610,1870,1.0
1610,1937,2.0
1610,2001,5.0
1610,2002,5.666666666666667
1610,2004,11.333333333333334
1610,2011,2.3333333333333335
1610,2013,4.0
1610,2018,1.0
1610,2022,1.0
1610,2054,3.0
1610,2099,1.0
1610,2207,6.0
1610,2210,2.0
1610,2211,1.0
1610,2216,2.5
1610,2371,3.3333333333333335
1610,2379,3.6666666666666665
1610,2381,1.5
1610,2389,2.0
1610,2391,1.0
1610,2403,3.5
1610,2404,3.0
1610,2405,2.0
1610,2411,2.0
1610,2450,7.0
1610,2504,1.5
1610,2505,6.0
1610,2605,2.0
1610,2707,9.666666666666666
1610,2804,1.0
1610,2805,2.0
1610,5504,2.5
1610,5508,2.0
1610,5514,1.0
1610,5603,1.0
1610,5839,3.0
1610,5853,1.0
1610,5855,1.5
1610,PA243,1.0
1610,Q16,4.0
1611,1023,1.0
1611,1025,1.0
1611,1027,1.0
1611,1266,1.0
1611,1321,1.0
1611,1359,2.4
1611,1465,12.0
1611,1522,2.3333333333333335
1611,1524,4.666666666666667
1611,1527,2.6666666666666665
1611,2112,1.5
1611,2414,3.0
1611,TCI22,1.5
1611,TCI29,3.0
1620,1025,54.0
1620,1220,8.5
1620,1266,23.0
1620,1307,1.3333333333333333
1620,1321,3.0
1620,1322,6.5
1620,1324,1.5
1620,1359,1.0
1620,1373,11.333333333333334
1620,1457,2.0
1620,1556,1.0
1620,1824,1.0
1620,2001,1.0
1620,2013,1.0
1620,2216,4.0
1620,2217,1.0
1620,5508,1.0
1620,5603,1.0
1620,5705,2.0
1620,5855,1.0
1620,5904,1.0
1620,LIB49,1.5
1620,LIB55,1.5
1620,PA288,1.0
1620,TI11,1.0
1620,TI12,1.0
1631,1027,1.0
1631,1057,2.0
1631,1122,1.0
1631,1220,1.0
1631,1316,1.0
1631,1324,2.0
1631,1325,1.0
1631,1340,1.0
1631,1354,1.0
1631,1373,1.0
1631,1450,1.0
1631,1537,2.0
1631,1539,1.0
1631,1716,2.0
1631,1723,1.0
1631,1730,1.0
1631,1731,1.0
1631,1749,2.0
1631,1758,1.0
1631,1766,1.0
1631,1767,1.0
1631,1775,1.0
1631,1778,2.0
1631,1781,1.0
1631,1788,1.0
1631,1835,1.0
1631,1876,1.0
1631,1940,1.0
1631,2099,1.0
1631,2391,1.0
1631,5916,1.0
1631,Q16,1.0
1632,1213,1.0
1632,1340,3.0
1632,1354,3.0
1632,1537,3.0
1632,1731,1.0
1632,1774,1.0
1632,1776,3.0
1632,2098,1.0
1632,2099,3.0
1632,2216,1.0
1636,1325,1.0
1636,1354,2.0
1636,1537,1.0
1636,1632,2.0
1636,1730,1.0
1636,1731,1.0
1636,1758,1.0
1636,1774,3.0
1636,1776,3.0
1636,2216,1.0
1650,1023,5.5
1650,1025,2.0
1650,1026,31.0
1650,1027,96.0
1650,1122,34.5
1650,1129,2.0
1650,1213,1.0
1650,1266,5.0
1650,1307,3.0
1650,1321,15.0
1650,1324,133.5
1650,1325,99.0
1650,1340,10.0
1650,1354,23.0
1650,1373,9.0
1650,1450,5.0
1650,1457,2.0
1650,1461,6.0
1650,1508,8.0
1650,1513,1.5
1650,1537,92.0
1650,1556,5.0
1650,1620,7.0
1650,1700,2.5
1650,1724,3.5
1650,1731,11.0
1650,1758,3.0
1650,1766,1.0
1650,1767,4.5
1650,1774,2.0
1650,1775,4.0
1650,1776,4.0
1650,1780,5.0
1650,1781,3.0
1650,1818,1.5
1650,1824,7.5
1650,1828,11.0
1650,1851,2.0
1650,1856,7.5
1650,1876,1.0
1650,1886,2.0
1650,1888,1.0
1650,1898,1.0
1650,1938,3.0
1650,2001,5.0
1650,2002,6.5
1650,2004,4.0
1650,2011,1.0
1650,2013,5.0
1650,2032,2.0
1650,2207,3.0
1650,2216,2.0
1650,2217,2.0
1650,2371,4.0
1650,2379,4.5
1650,2389,1.5
1650,2391,1.0
1650,2403,4.0
1650,2404,2.5
1650,2405,2.0
1650,2450,2.5
1650,2504,3.0
1650,2505,4.0
1650,2707,6.5
1650,2804,4.0
1650,5504,2.0
1650,5508,2.0
1650,5514,2.0
1650,5518,1.0
1650,5603,1.0
1650,5705,1.0
1650,5720,1.0
1650,5828,4.0
1650,5855,1.0
1650,PA278,1.0
1650,Q16,2.0
1650,TIM13,1.0
1700,1220,1.0
1700,1266,2.0
1700,1321,1.0
1700,1851,1.0
1700,2359,2.0
1700,2371,14.6
1700,2403,1.0
1700,2410,2.0
1700,2411,4.0
1700,2504,1.3333333333333333
1700,2505,1.5
1700,2804,1.5
1716,1025,2.75
1716,1026,1.0
1716,1027,1.5
1716,1057,1.25
1716,1213,1.0
1716,1324,1.0
1716,1325,31.2
1716,1340,31.25
1716,1354,70.75
1716,1450,2.75
1716,1513,1.0
1716,1537,50.2
1716,1610,24.666666666666668
1716,1632,5.0
1716,1636,3.0
1716,1650,18.5
1716,1730,1.0
1716,1731,18.8
1716,1766,4.0
1716,1767,4.333333333333333
1716,1774,5.333333333333333
1716,1775,5.25
1716,1776,2.5
1716,1780,2.0
1716,1781,6.25
1716,1828,15.0
1716,1848,1.0
1716,1868,1.0
1716,1876,6.0
1716,1897,1.0
1716,1898,8.0
1716,1938,19.0
1716,1952,2.0
1716,2002,1.0
1716,2216,3.5
1716,2217,1.0
1716,2398,1.0
1716,5705,1.0
1716,5828,1.0
1716,5904,1.0
1720,1027,1.0
1720,1122,2.0
1720,1131,1.0
1720,1154,1.0
1720,1220,2.0
1720,1266,3.0
1720,1321,1.0
1720,1610,6.0
1720,1650,2.5
1720,1722,2.0
1720,1723,1.0
1720,1724,8.6
1720,1788,1.0
1720,1805,5.4
1720,1818,1.3333333333333333
1720,1824,7.2
1720,1850,8.8
1720,1856,6.0
1720,1871,2.3333333333333335
1720,1920,1.0
1720,1954,1.0
1720,2001,1.0
1720,2002,1.6666666666666667
1720,2004,3.6666666666666665
1720,2032,1.5
1720,2054,2.0
1720,2394,1.0
1720,2706,3.8
1720,2707,2.0
1720,Q16,1.0
1722,1824,1.0
1723,1023,1.0
1723,1025,4.8
1723,1026,1.0
1723,1027,1.0
1723,1122,44.4
1723,1220,6.0
1723,1266,3.3333333333333335
1723,1321,1.0
1723,1322,2.0
1723,1373,5.0
1723,1610,33.0
1723,1620,4.0
1723,1650,36.5
1723,1722,2.0
1723,1818,1.3333333333333333
1723,1824,4.0
1723,1856,3.8
1723,1868,3.0
1723,2001,9.0
1723,2002,1.0
1723,2032,5.0
1723,2098,1.0
1723,2099,2.6666666666666665
1723,2391,1.5
1723,2398,1.0
1723,2707,2.3333333333333335
1723,5504,1.0
1723,Q16,3.0
1723,TIM10,1.0
1723,TIM11,1.0
1723,TIM12,1.0
1723,TIM13,1.0
1724,1025,1.0
1724,1266,1.0
1724,1321,1.0
1724,1620,1.0
1724,1722,2.0
1724,1818,1.5
1724,1824,5.4
1724,1868,2.0
1724,2001,2.0
1724,2002,2.5
1724,2004,2.0
1724,2032,1.0
1724,2054,1.0
1727,2004,1.0
1727,5705,1.0
1730,1537,2.5
1730,1758,4.5
1730,1774,2.5
1730,1775,3.0
1730,1776,1.3333333333333333
1730,1781,1.5
1730,1937,1.0
1730,1952,2.0
1730,5828,1.0
1731,1025,2.5
1731,1324,1.0
1731,1325,4.8
1731,1340,10.0
1731,1354,14.75
1731,1537,12.4
1731,1730,2.5
1731,1758,4.0
1731,1766,1.0
1731,1767,2.5
1731,1774,7.666666666666667
1731,1775,3.75
1731,1776,3.5
1731,1778,1.0
1731,1780,1.0
1731,1781,3.75
1731,1876,2.0
1731,1898,6.0
1731,1937,3.0
1731,1938,10.0
1731,1952,1.0
1731,2216,1.0
1731,2217,1.0
1731,5828,2.0
1749,1025,1.0
1749,1057,1.0
1749,1325,1.0
1749,1354,6.0
1749,1537,2.5
1749,1730,3.0
1749,1731,3.5
1749,1758,8.0
1749,1767,3.0
1749,1774,4.0
1749,1775,3.0
1749,1776,3.5
1749,1778,2.0
1749,1780,2.5
1749,1781,3.5
1749,1952,1.0
1749,5705,1.0
1758,1325,1.0
1758,1537,4.5
1758,1766,1.0
1758,1774,5.333333333333333
1758,1775,1.0
1758,1776,4.333333333333333
1758,1778,1.0
1758,1780,1.5
1758,1781,5.0
1758,1937,3.0
1758,1952,1.0
1758,2398,2.0
1758,5705,1.0
1764,1023,1.0
1764,1025,3.8
1764,1030,1.5
1764,1031,1.0
1764,1066,2.0
1764,1122,37.4
1764,1131,2.0
1764,1151,1.0
1764,1152,1.0
1764,1153,8.4
1764,1154,10.0
1764,1220,5.0
1764,1266,3.0
1764,1322,1.0
1764,1373,2.0
1764,1539,5.75
1764,1610,28.0
1764,1620,4.0
1764,1631,1.0
1764,1632,1.0
1764,1650,28.5
1764,1720,1.0
1764,1722,1.5
1764,1723,73.0
1764,1724,2.0
1764,1788,1.0
1764,1805,32.6
1764,1818,1.5
1764,1824,1.75
1764,1850,11.8
1764,1856,1.3333333333333333
1764,1868,8.0
1764,1871,13.666666666666666
1764,1920,4.4
1764,1940,16.0
1764,1954,25.0
1764,2001,8.0
1764,2002,1.0
1764,2004,1.0
1764,2032,5.0
1764,2098,1.6666666666666667
1764,2099,2.3333333333333335
1764,2108,46.4
1764,2244,4.2
1764,2391,1.5
1764,2707,1.0
1764,3207,1.0
1764,3334,2.8
1764,5504,1.0
1764,Q16,2.6
1764,Q22,6.0
1764,TIM11,1.0
1766,1325,3.0
1766,1775,1.0
1766,1876,2.0
1767,1025,1.0
1767,1325,5.0
1767,1340,4.0
1767,1354,4.666666666666667
1767,1537,6.333333333333333
1767,1730,1.3333333333333333
1767,1758,2.75
1767,1766,1.0
1767,1774,5.0
1767,1775,2.5
1767,1778,1.0
1767,1780,1.0
1767,1781,1.6666666666666667
1767,1876,1.5
1767,1898,1.0
1767,1937,4.0
1767,1938,5.0
1767,1952,1.0
1767,5720,1.0
1767,5828,1.0
1773,5828,1.0
1774,1325,7.0
1774,1775,6.5
1774,1776,5.0
1774,1780,1.0
1774,1876,2.0
1774,1952,1.0
1775,1325,1.75
1775,5828,1.0
1776,1325,1.0
1776,1775,4.333333333333333
1778,1325,1.0
1780,1325,3.3333333333333335
1780,1776,1.0
1780,1952,1.0
1780,2398,2.0
1781,1325,4.0
1781,1537,5.0
1781,1766,1.0
1781,1774,5.0
1781,1775,2.0
1781,1776,5.0
1781,1952,1.0
1781,5828,1.0
1788,1461,1.0
1788,1610,4.0
1788,1650,1.0
1788,1723,1.0
1788,1724,3.0
1788,1818,2.0
1788,1824,1.3333333333333333
1788,1856,1.6666666666666667
1788,1920,1.5
1788,1954,3.0
1788,2002,3.0
1788,2004,1.0
1788,2011,1.0
1788,2013,1.0
1788,2030,1.0
1788,2054,1.0
1788,2098,2.0
1788,2099,2.0
1788,2706,2.0
1788,5839,1.0
1788,AC36,1.0
1788,Q16,3.0
1805,1023,1.5
1805,1025,6.0
1805,1066,1.5
1805,1122,1.0
1805,1131,3.3333333333333335
1805,1152,2.0
1805,1153,4.4
1805,1154,6.6
1805,1220,8.5
1805,1266,5.0
1805,1321,1.5
1805,1508,21.4
1805,1539,1.0
1805,1610,26.333333333333332
1805,1620,3.5
1805,1650,28.0
1805,1700,8.8
1805,1722,1.0
1805,1723,29.0
1805,1724,4.2
1805,1727,1.0
1805,1788,1.0
1805,1818,1.0
1805,1824,4.4
1805,1850,33.2
1805,1851,1.6
1805,1856,1.0
1805,1868,1.0
1805,1871,14.333333333333334
1805,1920,4.333333333333333
1805,1954,1.0
1805,2001,4.0
1805,2002,3.3333333333333335
1805,2032,1.0
1805,2207,12.6
1805,2216,2.0
1805,2217,1.0
1805,2230,13.333333333333334
1805,2253,1.6666666666666667
1805,2355,4.0
1805,2359,1.0
1805,2371,12.4
1805,2379,2.4
1805,2381,4.8
1805,2382,14.0
1805,2389,2.25
1805,2393,10.2
1805,2397,2.0
1805,2403,2.75
1805,2404,4.0
1805,2410,1.0
1805,2411,3.25
1805,2419,4.0
1805,2450,2.6
1805,2504,3.8
1805,2505,5.25
1805,2600,1.5
1805,2707,1.3333333333333333
1805,2804,2.3333333333333335
1805,2805,3.0
1805,5504,2.0
1805,5705,1.0
1805,Q16,2.0
1805,Q22,1.0
1805,TIM11,1.0
1817,1031,1.5
1817,1061,1.5
1817,1062,2.0
1817,1063,1.0
1817,1151,1.5
1817,1152,1.0
1817,1153,3.5
1817,1266,1.0
1817,1359,2.75
1817,1418,3.25
1817,1419,1.0
1817,1420,1.0
1817,1421,1.0
1817,1464,7.0
1817,1465,7.0
1817,1522,2.6666666666666665
1817,1524,4.0
1817,1527,2.0
1817,1611,5.8
1817,1871,2.0
1817,1895,2.0
1817,2023,2.0
1817,2112,1.0
1817,2231,3.8
1817,2247,1.0
1817,2414,3.5
1817,TCI24,3.2
1818,1025,2.0
1818,1220,1.0
1818,1266,1.0
1818,1824,1.75
1818,2001,1.0
1818,2002,1.6
1818,2004,4.75
1818,2054,1.5
1818,5504,1.5
1818,EP2,1.0
1828,1057,3.0
1828,1213,1.0
1828,1340,8.0
1828,1354,19.0
1828,1537,7.0
1828,1730,2.0
1828,1731,11.0
1828,1758,1.0
1828,1767,4.0
1828,1775,6.0
1828,1776,1.0
1828,1781,3.0
1828,5828,2.0
1835,1057,1.0
1835,1316,2.0
1835,1340,4.0
1835,1354,7.5
1835,1450,3.0
1835,1537,4.5
1835,1610,3.0
1835,1632,3.0
1835,1636,5.0
1835,1716,9.0
1835,1730,1.5
1835,1731,3.5
1835,1749,5.0
1835,1758,1.5
1835,1767,1.0
1835,1774,3.0
1835,1775,5.0
1835,1776,1.0
1835,1781,1.0
1835,1868,4.0
1835,1937,3.0
1835,2216,2.0
1835,2217,1.0
1848,1325,1.0
1848,1775,1.0
1850,1025,2.8
1850,1030,1.5
1850,1031,2.0
1850,1066,2.0
1850,1122,8.25
1850,1131,4.0
1850,1140,1.0
1850,1151,1.0
1850,1153,1.0
1850,1154,1.75
1850,1220,4.0
1850,1266,2.6666666666666665
1850,1321,1.0
1850,1610,19.666666666666668
1850,1620,1.6666666666666667
1850,1650,17.0
1850,1722,1.5
1850,1723,9.8
1850,1724,8.0
1850,1727,1.0
1850,1788,2.0
1850,1824,27.8
1850,1856,31.8
1850,1868,3.0
1850,1871,13.0
1850,1920,3.6
1850,1954,1.0
1850,2001,7.0
1850,2002,4.0
1850,2004,3.0
1850,2032,1.6666666666666667
1850,2600,1.5
1850,2605,1.0
1850,2706,7.2
1850,2707,8.4
1850,5504,3.3333333333333335
1850,5705,1.0
1850,PA580,1.0
1850,PE035,1.0
1850,Q16,2.5
1850,TIM10,1.0
1850,TIM11,1.0
1850,TIM13,1.0
1850,TIM14,1.0
1851,2216,1.0
1851,2217,1.0
1851,2371,1.6666666666666667
1851,2504,1.0
1854,1025,1.0
1854,1122,2.0
1854,1153,1.0
1854,1154,1.5
1854,1508,2.3333333333333335
1854,1610,4.0
1854,1650,1.5
1854,1700,1.0
1854,1805,3.0
1854,1851,4.4
1854,2207,3.0
1854,2210,1.0
1854,2231,1.5
1854,2240,1.8
1854,2366,4.2
1854,2371,1.0
1854,2382,2.25
1854,2397,5.0
1854,2399,5.75
1854,2450,1.0
1854,TCI24,1.0
1856,1025,1.3333333333333333
1856,1220,1.0
1856,1266,2.0
1856,1457,1.0
1856,1620,1.0
1856,1722,1.0
1856,1724,5.8
1856,1727,2.0
1856,1818,1.0
1856,1824,43.0
1856,1868,4.0
1856,2001,4.0
1856,2002,5.4
1856,2004,2.5
1856,2032,2.0
1856,5504,4.25
1856,5705,1.0
1857,1023,1.0
1857,1025,1.0
1857,1057,1.0
1857,1122,1.0
1857,1209,1.0
1857,1316,1.25
1857,1321,1.0
1857,1324,1.6666666666666667
1857,1325,1.5
1857,1340,2.0
1857,1354,2.6666666666666665
1857,1450,1.0
1857,1457,1.0
1857,1461,2.0
1857,1537,1.8
1857,1556,2.6666666666666665
1857,1610,3.0
1857,1631,1.0
1857,1650,1.0
1857,1716,3.0
1857,1730,1.5
1857,1731,1.5
1857,1749,1.5
1857,1758,1.0
1857,1767,1.0
1857,1774,1.0
1857,1775,1.0
1857,1776,1.0
1857,1781,1.0
1857,1828,2.0
1857,1835,4.0
1857,1871,1.3333333333333333
1857,1898,2.0
1857,1938,1.0
1857,1942,2.0
1857,1952,1.0
1857,2011,2.0
1857,2013,2.0
1857,2018,2.0
1857,2020,1.0
1857,2706,1.0
1857,3207,1.0
1857,5508,1.0
1857,5603,1.0
1857,5720,1.0
1857,5853,1.0
1857,5855,1.0
1857,5916,2.2
1864,1063,1.0
1864,1151,2.0
1864,1316,1.0
1864,1354,1.5
1864,1434,1.0
1864,1438,2.0
1864,1447,2.0
1864,1450,1.0
1864,1537,1.0
1864,1610,2.0
1864,1730,3.0
1864,1731,1.5
1864,1749,2.0
1864,1758,2.0
1864,1774,1.0
1864,1775,1.0
1864,1776,2.0
1864,1781,4.0
1864,1835,1.0
1864,1857,1.0
1864,1866,2.0
1864,1942,1.0
1864,5916,2.0
1866,1152,2.0
1866,1316,3.0
1866,1325,3.0
1866,1354,17.0
1866,1434,2.0
1866,1537,5.0
1866,1610,3.0
1866,1716,15.0
1866,1730,2.0
1866,1731,2.0
1866,1749,4.0
1866,1758,1.0
1866,1774,2.0
1866,1775,1.0
1866,1781,3.0
1866,1942,1.0
1866,5916,2.0
1868,1307,1.0
1868,1321,1.0
1868,1324,1.0
1868,1325,5.0
1868,1340,1.0
1868,1354,1.0
1868,1457,2.0
1868,1537,3.0
1868,1556,1.0
1868,1620,1.0
1868,1632,4.0
1868,1730,3.0
1868,1758,4.0
1868,1818,2.0
1868,1824,2.0
1868,2001,2.0
1868,2002,2.0
1868,2004,6.0
1868,2011,2.0
1868,2098,2.0
1868,2099,8.0
1868,2216,1.0
1868,2217,1.0
1868,2404,1.0
1868,5504,3.0
1870,2216,1.0
1871,1023,2.3333333333333335
1871,1025,4.666666666666667
1871,1026,1.3333333333333333
1871,1027,5.0
1871,1057,2.0
1871,1122,13.0
1871,1131,2.0
1871,1213,1.0
1871,1220,1.0
1871,1266,1.0
1871,1307,3.3333333333333335
1871,1316,7.0
1871,1321,3.3333333333333335
1871,1322,2.0
1871,1324,6.333333333333333
1871,1325,15.333333333333334
1871,1340,12.666666666666666
1871,1354,19.5
1871,1359,1.0
1871,1373,1.0
1871,1418,1.5
1871,1450,5.666666666666667
1871,1457,4.0
1871,1461,2.6666666666666665
1871,1508,2.5
1871,1513,2.6666666666666665
1871,1524,2.0
1871,1527,1.0
1871,1537,17.666666666666668
1871,1539,5.666666666666667
1871,1556,2.5
1871,1610,16.0
1871,1611,2.0
1871,1620,2.0
1871,1631,4.0
1871,1650,28.0
1871,1716,18.666666666666668
1871,1723,14.0
1871,1724,7.0
1871,1730,4.0
1871,1731,6.0
1871,1758,2.5
1871,1766,1.0
1871,1767,4.5
1871,1774,6.0
1871,1775,7.0
1871,1776,7.0
1871,1780,3.5
1871,1781,2.6666666666666665
1871,1788,5.0
1871,1818,1.5
1871,1824,11.5
1871,1828,23.0
1871,1835,1.0
1871,1851,1.0
1871,1856,10.0
1871,1868,1.0
1871,1876,1.0
1871,1898,7.0
1871,1920,8.666666666666666
1871,1938,4.0
1871,1940,4.0
1871,1952,2.0
1871,1954,9.0
1871,2001,2.0
1871,2002,5.0
1871,2004,2.0
1871,2011,1.0
1871,2013,3.0
1871,2040,3.0
1871,2054,2.0
1871,2098,2.5
1871,2099,4.0
1871,2207,2.0
1871,2216,1.5
1871,2217,1.5
1871,2247,1.0
1871,2253,1.0
1871,2371,1.0
1871,2382,1.0
1871,2391,2.5
1871,2397,1.0
1871,2398,3.0
1871,2403,1.0
1871,2410,1.0
1871,2411,1.0
1871,2412,1.0
1871,2414,1.0
1871,2504,1.0
1871,2706,7.333333333333333
1871,2707,3.0
1871,3207,1.0
1871,5504,1.0
1871,5720,3.3333333333333335
1871,5828,11.0
1871,5853,1.0
1871,5855,1.0
1871,5916,4.5
1871,Q16,7.5
1871,Q21,2.0
1871,Q68,1.0
1871,Q69,1.0
1871,Q71,1.0
1876,1325,2.0
1876,1775,1.0
1878,2371,1.0
1878,2411,1.0
1878,2450,1.0
1878,2804,1.0
1881,1030,1.0
1881,1151,2.0
1881,1152,1.5
1881,1153,1.5
1881,1266,1.0
1881,1418,4.0
1881,1419,2.5
1881,1420,1.0
1881,1421,1.0
1881,1464,1.0
1881,1524,3.0
1881,1611,4.0
1881,1871,1.0
1881,2023,2.5
1881,2025,4.0
1881,2110,5.0
1881,2112,1.0
1881,2231,3.0
1881,2247,2.0
1881,2412,2.5
1881,2414,1.0
1881,TCI11,1.0
1881,TCI13,9.0
1881,TCI22,1.0
1881,TCI24,1.0
1881,TCI29,1.0
1888,5904,1.0
1894,1152,1.0
1894,1465,2.0
1894,1611,2.0
1894,2414,1.0
1895,1027,1.0
1895,1152,2.0
1895,1153,1.0
1895,1321,1.0
1895,1359,1.0
1895,1464,6.0
1895,1465,6.0
1895,1611,3.0
1895,2112,1.0
1895,TCI24,3.0
1897,1325,1.0
1898,1537,3.0
1898,1766,1.0
1898,1780,1.0
1898,1781,4.0
1898,1876,3.0
1898,1938,2.0
1898,1952,2.0
1898,5720,2.0
1910,1025,2.0
1910,1027,1.0
1910,1030,1.5
1910,1031,1.6666666666666667
1910,1038,2.0
1910,1061,1.25
1910,1062,1.5
1910,1063,2.25
1910,1151,2.25
1910,1152,1.0
1910,1153,2.75
1910,1154,1.0
1910,1220,2.0
1910,1266,1.0
1910,1321,1.0
1910,1359,3.8
1910,1464,5.0
1910,1465,5.0
1910,1522,3.5
1910,1527,2.75
1910,1611,2.0
1910,1620,1.0
1910,1881,1.0
1910,1894,1.0
1910,1895,3.0
1910,2231,1.25
1910,2414,2.75
1910,Q69,1.0
1910,TCI13,1.5
1910,TCI21,1.0
1910,TCI24,3.25
1915,1023,1.0
1915,1030,1.0
1915,1031,1.0
1915,1063,1.0
1915,1122,3.8
1915,1152,1.5
1915,1153,2.2
1915,1154,3.0
1915,1220,2.0
1915,1266,1.0
1915,1321,1.0
1915,1373,1.0
1915,1539,21.6
1915,1610,4.0
1915,1620,1.5
1915,1632,2.0
1915,1650,4.5
1915,1723,4.2
1915,1764,4.4
1915,1788,3.0
1915,1805,1.0
1915,1818,1.0
1915,1868,6.0
1915,1871,6.666666666666667
1915,1920,10.0
1915,1940,10.0
1915,1944,3.8
1915,1954,6.666666666666667
1915,2032,1.0
1915,2098,1.5
1915,2099,1.0
1915,2108,13.6
1915,2244,21.6
1915,2394,1.0
1915,3334,5.2
1915,Q16,6.2
1915,Q22,14.6
1918,1025,1.0
1918,1057,1.0
1918,1151,2.0
1918,1213,1.0
1918,1271,2.0
1918,1316,1.5
1918,1340,1.5
1918,1353,2.3333333333333335
1918,1354,6.5
1918,1434,1.25
1918,1440,3.0
1918,1447,2.0
1918,1448,3.0
1918,1450,1.0
1918,1545,1.0
1918,1610,3.0
1918,1650,1.0
1918,1730,4.333333333333333
1918,1731,3.6666666666666665
1918,1749,4.5
1918,1758,4.25
1918,1766,2.0
1918,1767,1.6666666666666667
1918,1774,2.6666666666666665
1918,1775,2.3333333333333335
1918,1776,2.25
1918,1780,1.5
1918,1781,2.5
1918,1828,2.0
1918,1835,1.0
1918,1857,1.0
1918,1864,1.5
1918,1871,4.0
1918,1937,1.0
1918,1942,6.0
1918,1949,1.0
1918,1952,1.0
1918,3207,1.0
1918,5916,3.5
1920,1023,1.0
1920,1025,1.0
1920,1026,1.0
1920,1027,1.0
1920,1122,3.0
1920,1131,1.5
1920,1266,1.5
1920,1321,1.0
1920,1373,1.0
1920,1610,6.0
1920,1620,1.0
1920,1632,3.0
1920,1650,11.0
1920,1723,3.8
1920,1724,1.5
1920,1818,1.5
1920,1824,6.8
1920,1856,5.2
1920,1868,9.0
1920,2001,1.0
1920,2002,2.2
1920,2004,5.75
1920,2054,1.0
1920,2098,3.0
1920,2099,4.0
1920,2391,3.6666666666666665
1920,2398,1.0
1920,2706,10.6
1920,2707,8.0
1920,3207,3.0
1920,5504,2.25
1920,Q16,11.4
1937,1325,1.0
1937,1537,1.5
1937,1774,1.0
1937,1775,2.0
1937,1776,1.0
1937,1781,2.0
1938,1325,4.0
1938,1537,8.0
1938,1758,7.0
1938,1766,1.0
1938,1774,13.0
1938,1781,7.0
1938,2398,1.0
1940,1026,1.0
1940,1027,1.0
1940,1122,10.5
1940,1220,4.0
1940,1321,1.0
1940,1322,1.0
1940,1324,2.0
1940,1325,4.0
1940,1537,2.5
1940,1539,7.0
1940,1610,22.5
1940,1620,2.5
1940,1723,16.0
1940,1724,1.0
1940,1818,1.0
1940,1824,1.0
1940,1856,1.0
1940,1920,2.5
1940,PA243,1.0
1940,Q16,1.5
1940,Q21,1.0
1940,Q624,1.0
1940,Q68,2.0
1940,Q69,2.0
1940,Q71,4.5
1940,Q80,2.0
1940,Q81,2.0
1942,1025,2.0
1942,1026,1.0
1942,1031,1.3333333333333333
1942,1057,4.0
1942,1213,1.0
1942,1316,2.4
1942,1325,2.0
1942,1340,9.5
1942,1354,8.25
1942,1450,4.0
1942,1537,6.4
1942,1610,4.333333333333333
1942,1631,1.5
1942,1650,6.5
1942,1716,2.0
1942,1730,3.25
1942,1731,6.8
1942,1749,9.0
1942,1758,7.4
1942,1766,2.5
1942,1767,4.0
1942,1774,10.333333333333334
1942,1775,3.5
1942,1776,6.75
1942,1780,1.3333333333333333
1942,1781,6.25
1942,1828,14.0
1942,1835,3.5
1942,1871,16.5
1942,1937,2.0
1942,1938,12.0
1942,2040,1.0
1942,2398,1.0
1942,3207,5.0
1942,5828,1.5
1942,5916,8.0
1944,1023,2.3333333333333335
1944,1025,9.0
1944,1026,4.6
1944,1027,11.0
1944,1030,2.6666666666666665
1944,1031,2.0
1944,1057,1.3333333333333333
1944,1062,2.5
1944,1063,4.2
1944,1066,3.8
1944,1122,29.2
1944,1131,3.3333333333333335
1944,1151,6.6
1944,1152,2.6666666666666665
1944,1153,7.6
1944,1154,9.6
1944,1213,1.0
1944,1215,1.5
1944,1220,5.5
1944,1235,1.0
1944,1266,5.333333333333333
1944,1271,1.0
1944,1307,2.75
1944,1316,8.8
1944,1321,2.25
1944,1322,4.0
1944,1324,14.4
1944,1325,50.6
1944,1340,20.0
1944,1353,4.75
1944,1354,46.0
1944,1373,2.0
1944,1418,1.0
1944,1419,1.5
1944,1434,2.0
1944,1438,1.0
1944,1440,2.0
1944,1447,3.0
1944,1448,1.0
1944,1450,3.0
1944,1456,3.0
1944,1457,4.0
1944,1461,4.8
1944,1462,1.25
1944,1464,1.0
1944,1508,13.8
1944,1513,3.8
1944,1522,2.0
1944,1524,1.0
1944,1527,2.0
1944,1534,2.5
1944,1537,59.6
1944,1539,5.5
1944,1545,2.3333333333333335
1944,1556,4.2
1944,1610,93.33333333333333
1944,1611,1.0
1944,1620,3.0
1944,1631,1.0
1944,1632,1.0
1944,1650,57.5
1944,1700,4.8
1944,1716,54.6
1944,1720,6.0
1944,1722,1.5
1944,1723,25.4
1944,1724,2.8
1944,1731,8.6
1944,1749,1.0
1944,1764,23.2
1944,1766,5.0
1944,1767,4.666666666666667
1944,1774,2.5
1944,1775,4.25
1944,1776,1.3333333333333333
1944,1780,3.6666666666666665
1944,1781,2.5
1944,1788,1.0
1944,1805,43.8
1944,1817,1.0
1944,1818,2.5
1944,1824,12.6
1944,1828,12.0
1944,1835,4.5
1944,1848,1.0
1944,1850,24.6
1944,1851,1.3333333333333333
1944,1854,3.6
1944,1856,12.6
1944,1857,1.75
1944,1866,8.0
1944,1868,6.0
1944,1871,28.0
1944,1876,4.0
1944,1879,1.0
1944,1886,2.0
1944,1898,1.0
1944,1920,1.5
1944,1938,3.0
1944,1940,25.5
1944,1942,1.75
1944,1949,1.6666666666666667
1944,1952,2.0
1944,1954,18.0
1944,2001,6.0
1944,2002,1.6
1944,2004,3.3333333333333335
1944,2011,2.2
1944,2013,4.2
1944,2018,1.0
1944,2020,1.6666666666666667
1944,2021,1.0
1944,2022,1.0
1944,2023,2.0
1944,2032,1.3333333333333333
1944,2040,1.0
1944,2054,1.0
1944,2098,1.0
1944,2108,20.8
1944,2207,7.2
1944,2211,1.0
1944,2216,1.5
1944,2217,1.0
1944,2230,12.333333333333334
1944,2231,5.4
1944,2240,9.0
1944,2244,5.0
1944,2253,1.3333333333333333
1944,2309,1.5
1944,2314,2.0
1944,2355,4.5
1944,2359,2.0
1944,2366,19.8
1944,2371,7.0
1944,2379,2.8
1944,2381,4.0
1944,2382,8.4
1944,2389,1.25
1944,2393,4.4
1944,2394,1.6666666666666667
1944,2397,1.6666666666666667
1944,2398,2.0
1944,2399,1.3333333333333333
1944,2403,2.0
1944,2404,2.25
1944,2411,2.5
1944,2412,1.3333333333333333
1944,2415,1.5
1944,2419,1.6666666666666667
1944,2450,3.0
1944,2504,1.5
1944,2505,1.0
1944,2601,2.0
1944,2605,2.0
1944,2706,7.0
1944,2707,7.25
1944,2804,1.5
1944,3334,1.0
1944,5504,1.5
1944,5508,1.5
1944,5514,2.6666666666666665
1944,5518,2.0
1944,5603,2.0
1944,5609,3.25
1944,5705,1.0
1944,5707,1.0
1944,5715,3.2
1944,5717,3.25
1944,5720,1.3333333333333333
1944,5817,1.0
1944,5828,1.0
1944,5839,2.0
1944,5849,1.75
1944,5850,6.2
1944,5853,1.0
1944,5855,1.0
1944,5856,1.0
1944,5866,1.0
1944,5904,1.0
1944,5906,1.0
1944,5916,7.5
1944,LIB36,1.0
1944,LIB38,1.0
1944,PA243,1.0
1944,PA511,1.0
1944,Q104,1.0
1944,Q16,1.5
1944,Q196,1.0
1944,Q196B,2.0
1944,Q197,2.0
1944,Q21,2.4
1944,Q22,9.2
1944,Q624,1.8
1944,Q68,3.6666666666666665
1944,Q69,2.2
1944,Q71,2.8
1944,Q80,4.5
1944,Q81,4.75
1944,Q82,2.3333333333333335
1944,Q88,1.5
1944,Q94,4.5
1944,TCI24,2.0
1949,1025,1.5
1949,1057,1.0
1949,1151,1.5
1949,1271,5.0
1949,1316,1.5
1949,1324,2.0
1949,1325,2.0
1949,1340,3.3333333333333335
1949,1352,1.0
1949,1353,2.6666666666666665
1949,1354,5.333333333333333
1949,1434,1.6666666666666667
1949,1537,2.5
1949,1545,2.5
1949,1610,1.0
1949,1631,1.5
1949,1650,3.0
1949,1716,2.6666666666666665
1949,1730,3.3333333333333335
1949,1731,2.6666666666666665
1949,1749,3.0
1949,1758,3.3333333333333335
1949,1766,1.0
1949,1767,2.3333333333333335
1949,1774,2.0
1949,1775,2.5
1949,1778,1.0
1949,1781,2.5
1949,1828,3.0
1949,1835,2.5
1949,1857,1.0
1949,1871,4.0
1949,1937,1.5
1949,1942,5.0
1949,5916,3.0
1952,1775,1.0
1954,1122,12.666666666666666
1954,1131,1.0
1954,1215,1.0
1954,1266,1.0
1954,1373,1.6666666666666667
1954,1539,4.666666666666667
1954,1610,31.0
1954,1620,1.5
1954,1650,26.0
1954,1723,23.666666666666668
1954,1724,1.0
1954,1781,1.0
1954,1824,1.0
1954,1856,1.0
1954,1868,2.0
1954,1898,1.0
1954,1920,3.0
1954,1938,1.0
1954,2001,1.0
1954,2002,1.0
1954,2004,1.0
1954,2398,1.0
1954,2706,1.5
1954,A88,1.0
1954,Q16,2.6666666666666665
1954,Q21,1.0
1954,Q624,1.0
1954,Q68,1.0
1954,Q80,1.0
1954,Q81,1.0
2001,1266,1.0
2001,1824,4.0
2002,1340,1.0
2002,1354,1.0
2002,1731,1.0
2002,1824,5.4
2002,2001,1.0
2002,2004,4.75
2002,5504,1.0
2002,TIM13,1.0
2004,1266,2.0
2004,1722,2.0
2004,1824,2.0
2004,5504,3.75
2011,1025,2.0
2011,1307,1.3333333333333333
2011,1321,2.3333333333333335
2011,1324,1.0
2011,1457,1.75
2011,1556,2.8
2011,1620,2.0
2011,1886,1.0
2011,2013,3.75
2011,5508,1.0
2011,5514,2.3333333333333335
2011,5603,2.0
2011,5705,1.0
2011,5720,3.0
2011,5828,2.5
2011,5839,7.0
2011,5853,1.3333333333333333
2011,5855,1.5
2011,5866,1.0
2011,PA243,1.0
2013,1556,5.25
2013,5508,1.5
2013,5514,3.5
2013,5603,2.75
2013,5705,1.0
2013,5720,2.5
2013,5828,2.0
2013,5853,2.0
2013,5855,1.5
2013,5866,1.0
2013,PA243,1.0
2013,PA288,1.0
2018,1025,1.0
2018,1307,1.25
2018,1321,1.3333333333333333
2018,1324,1.0
2018,1456,1.0
2018,1457,1.75
2018,1537,1.0
2018,1556,1.0
2018,2013,3.0
2018,2020,5.5
2018,2021,2.0
2018,2022,2.3333333333333335
2018,2061,2.0
2018,5508,1.0
2018,5514,1.0
2018,5603,1.0
2018,5720,2.0
2018,5839,2.0
2018,5855,1.0
2018,5866,2.0
2020,1025,1.0
2020,1307,1.3333333333333333
2020,1321,1.3333333333333333
2020,1324,1.5
2020,1457,1.5
2020,1537,1.0
2020,1556,1.5
2020,2011,1.0
2020,2013,1.3333333333333333
2020,2021,2.0
2020,2061,2.0
2020,5508,1.0
2020,5603,1.0
2020,5720,2.0
2020,5855,1.0
2020,5866,2.0
2021,1556,1.0
2021,2061,2.0
2021,5720,1.5
2021,5866,3.0
2022,1456,1.0
2022,1457,1.0
2022,1537,1.0
2022,1556,1.0
2022,5508,1.0
2022,5855,1.0
2023,1031,1.0
2023,1061,1.0
2023,1063,1.0
2023,1151,1.0
2023,1152,2.0
2023,1153,1.75
2023,1359,2.0
2023,1418,1.25
2023,1419,6.8
2023,1420,6.25
2023,1421,6.5
2023,1522,1.0
2023,1524,1.0
2023,1527,1.0
2023,1871,1.0
2023,2025,2.0
2023,2112,1.5
2023,2231,1.0
2023,2247,2.0
2023,2412,6.0
2023,2414,1.0
2023,TCI21,1.0
2023,TCI24,2.0
2025,1152,1.0
2025,1419,1.0
2025,1421,2.0
2025,1871,1.0
2025,2110,1.0
2025,2247,1.0
2025,2412,1.5
2032,1373,1.5
2032,1620,1.0
2032,1818,1.0
2032,1824,2.0
2032,2001,1.0
2040,1023,1.0
2040,1025,1.0
2040,1026,2.0
2040,1027,3.5
2040,1321,1.0
2040,1324,3.0
2040,1325,2.0
2040,1354,1.0
2040,1373,4.0
2040,1537,4.0
2040,1610,2.0
2040,1650,1.0
2040,1716,1.0
2040,1780,1.0
2040,2216,1.0
2054,1722,1.0
2054,5504,1.0
2060,1321,1.0
2060,1324,1.0
2060,1537,1.5
2060,2011,1.0
2060,5720,1.0
2060,5828,1.0
2060,5855,1.5
2060,5866,1.5
2061,1537,1.5
2061,5720,1.5
2061,5828,2.0
2061,5855,1.0
2061,5866,2.0
2098,1266,1.0
2098,1321,1.0
2098,1324,1.0
2098,1325,1.0
2098,2099,2.75
2098,2391,2.3333333333333335
2099,1220,1.0
2099,2216,1.0
2108,1023,1.0
2108,1025,6.6
2108,1027,1.0
2108,1030,1.0
2108,1031,1.6666666666666667
2108,1066,1.5
2108,1122,25.8
2108,1131,2.5
2108,1151,1.0
2108,1154,10.2
2108,1215,4.2
2108,1220,2.5
2108,1266,3.0
2108,1322,1.5
2108,1373,1.0
2108,1539,12.8
2108,1610,10.333333333333334
2108,1620,2.6666666666666665
2108,1632,1.0
2108,1650,12.5
2108,1720,2.8
2108,1722,1.0
2108,1723,44.4
2108,1724,2.6
2108,1788,2.0
2108,1805,30.6
2108,1824,3.8
2108,1850,14.6
2108,1856,4.4
2108,1868,6.0
2108,1871,9.666666666666666
2108,1920,6.4
2108,1940,7.5
2108,1954,6.333333333333333
2108,2001,9.666666666666666
2108,2002,2.0
2108,2032,4.0
2108,2098,2.3333333333333335
2108,2099,2.3333333333333335
2108,2216,1.0
2108,2244,14.8
2108,2253,1.0
2108,2391,1.6666666666666667
2108,2394,1.0
2108,2398,2.0
2108,2706,1.0
2108,3207,2.0
2108,3334,4.4
2108,5904,1.0
2108,Q104,1.0
2108,Q13,1.0
2108,Q16,3.6
2108,Q196B,2.0
2108,Q21,17.4
2108,Q22,33.8
2108,Q56,1.0
2108,Q624,4.0
2108,Q65,1.0
2108,Q68,27.2
2108,Q69,28.0
2108,Q71,25.4
2108,Q80,4.0
2108,Q81,3.8
2108,Q82,1.5
2108,Q88,1.0
2108,TIM11,1.0
2112,1465,1.0
2112,1524,1.0
2112,1527,1.0
2207,1025,2.5
2207,1027,1.0
2207,1122,1.5
2207,1140,1.0
2207,1220,1.0
2207,1266,1.3333333333333333
2207,1321,1.0
2207,1457,1.0
2207,1508,2.0
2207,1700,16.2
2207,1851,3.5
2207,2216,1.0
2207,2217,1.0
2207,2359,1.0
2207,2371,17.8
2207,2379,6.0
2207,2381,17.0
2207,2403,1.75
2207,2405,2.5
2207,2411,2.75
2207,2450,4.0
2207,2504,2.4
2207,2505,2.5
2207,2804,1.0
2207,2805,4.0
2210,2216,1.0
2211,1220,1.0
2211,1322,1.0
2211,1851,1.0
2216,2217,5.0
2230,1023,1.0
2230,1025,3.6666666666666665
2230,1066,1.0
2230,1122,21.666666666666668
2230,1131,1.0
2230,1152,1.0
2230,1154,6.666666666666667
2230,1220,2.0
2230,1266,1.0
2230,1508,20.0
2230,1610,9.666666666666666
2230,1620,1.6666666666666667
2230,1700,2.3333333333333335
2230,1871,1.0
2230,2207,4.0
2230,2211,1.0
2230,2216,1.0
2230,2253,1.0
2230,2355,2.0
2230,2371,4.0
2230,2379,2.0
2230,2381,1.3333333333333333
2230,2382,3.0
2230,2393,2.6666666666666665
2230,2403,1.0
2230,2404,2.0
2230,2450,2.0
2230,2504,1.0
2230,2505,1.5
2230,2804,1.0
2231,1025,2.0
2231,1030,2.0
2231,1031,2.0
2231,1038,1.0
2231,1122,8.0
2231,1131,1.0
2231,1151,1.6666666666666667
2231,1152,3.0
2231,1153,5.0
2231,1154,2.3333333333333335
2231,1220,1.0
2231,1266,1.6666666666666667
2231,1359,1.2
2231,1418,7.25
2231,1419,2.0
2231,1420,1.0
2231,1421,1.0
2231,1464,5.0
2231,1465,2.0
2231,1508,4.8
2231,1522,1.5
2231,1524,6.333333333333333
2231,1527,1.0
2231,1610,3.6666666666666665
2231,1611,5.8
2231,1620,1.25
2231,1650,6.5
2231,1700,2.3333333333333335
2231,1805,6.8
2231,1851,1.0
2231,1871,3.0
2231,2025,1.0
2231,2110,1.0
2231,2112,1.0
2231,2207,3.0
2231,2211,1.0
2231,2230,6.666666666666667
2231,2240,6.25
2231,2247,1.0
2231,2253,1.0
2231,2366,4.4
2231,2371,2.0
2231,2379,2.3333333333333335
2231,2381,1.0
2231,2382,2.75
2231,2389,2.3333333333333335
2231,2393,2.5
2231,2404,2.6666666666666665
2231,2412,1.0
2231,2414,2.3333333333333335
2231,2450,2.0
2231,2504,2.0
2231,2505,2.0
2231,2804,3.0
2231,TCI13,1.0
2231,TCI24,2.8
2240,1025,2.0
2240,1031,1.0
2240,1122,4.75
2240,1153,2.25
2240,1154,2.0
2240,1220,1.0
2240,1266,1.5
2240,1321,1.0
2240,1508,1.0
2240,1610,7.0
2240,1650,5.5
2240,1700,21.6
2240,1805,19.8
2240,1851,1.6
2240,1870,1.0
2240,1871,1.0
2240,2207,21.0
2240,2210,1.0
2240,2211,1.0
2240,2216,1.0
2240,2230,4.333333333333333
2240,2253,2.3333333333333335
2240,2309,3.5
2240,2355,5.0
2240,2359,3.0
2240,2366,15.8
2240,2371,18.0
2240,2379,5.5
2240,2381,10.8
2240,2382,26.0
2240,2389,1.6
2240,2393,5.0
2240,2397,1.75
2240,2399,1.75
2240,2403,4.0
2240,2405,1.0
2240,2411,2.75
2240,2419,3.0
2240,2450,3.25
2240,2504,2.0
2240,2505,1.6666666666666667
2240,2804,3.0
2240,2805,4.0
2244,1023,1.0
2244,1122,4.4
2244,1152,1.0
2244,1153,2.3333333333333335
2244,1154,1.3333333333333333
2244,1220,2.0
2244,1266,1.0
2244,1321,1.0
2244,1322,1.5
2244,1373,1.5
2244,1539,20.2
2244,1610,3.3333333333333335
2244,1632,2.0
2244,1650,3.0
2244,1723,4.6
2244,1805,1.0
2244,1824,1.0
2244,1850,1.0
2244,1868,4.0
2244,1871,7.333333333333333
2244,1920,9.0
2244,1940,8.5
2244,1954,6.666666666666667
2244,2098,2.0
2244,2099,2.0
2244,2391,1.0
2244,3207,2.0
2244,3334,3.5
2244,Q16,3.5
2244,Q22,15.0
2244,Q68,1.0
2244,Q69,2.0
2244,Q71,1.5
2247,1421,2.0
2247,1522,1.0
2247,1524,1.0
2247,1527,1.0
2247,1611,1.0
2247,2112,1.0
2247,2412,2.0
2247,TCI29,1.0
2253,1025,1.0
2253,1027,1.0
2253,1122,2.0
2253,1215,1.0
2253,1266,1.0
2253,1610,1.0
2253,1851,1.5
2253,1868,1.0
2253,2207,1.5
2253,2211,1.0
2253,2216,1.0
2253,2217,1.0
2253,2371,1.5
2253,2379,1.0
2253,2450,1.6666666666666667
2253,Q104,1.0
2253,Q196B,1.0
2253,Q21,1.0
2253,Q68,1.0
2253,Q71,1.0
2253,Q80,1.25
2309,1266,1.0
2309,1610,3.6666666666666665
2309,1650,2.5
2309,1851,1.3333333333333333
2309,1870,1.0
2309,1871,1.0
2309,2207,2.0
2309,2216,1.0
2309,2253,2.4
2309,2366,1.3333333333333333
2309,2371,2.0
2309,2379,3.0
2309,2382,5.2
2309,2397,2.6666666666666665
2309,2405,2.6666666666666665
2309,2450,3.25
2314,1461,1.0
2314,5514,2.0
2320,2605,1.0
2355,1025,1.0
2355,1220,1.0
2355,1610,2.0
2355,1700,8.0
2355,2207,3.5
2355,2359,17.0
2355,2371,3.0
2355,2379,1.5
2355,2381,3.0
2355,2389,1.0
2355,2404,2.5
2355,2411,20.0
2355,2450,4.5
2355,2805,4.0
2359,1220,1.0
2359,2371,2.0
2359,2805,1.0
2366,1025,3.5
2366,1031,1.0
2366,1122,10.5
2366,1131,2.0
2366,1153,3.5
2366,1154,2.75
2366,1220,3.5
2366,1266,4.0
2366,1321,1.0
2366,1508,19.8
2366,1610,10.333333333333334
2366,1620,2.0
2366,1650,9.5
2366,1700,8.0
2366,1720,1.0
2366,1722,1.0
2366,1724,1.0
2366,1727,1.0
2366,1805,51.6
2366,1824,1.0
2366,1850,1.0
2366,1851,3.6
2366,1856,1.0
2366,1871,2.0
2366,1879,1.0
2366,1920,2.0
2366,2002,1.0
2366,2207,1.0
2366,2210,1.0
2366,2211,1.5
2366,2216,1.0
2366,2230,12.666666666666666
2366,2253,1.5
2366,2355,1.0
2366,2371,10.6
2366,2382,1.0
2366,2389,1.0
2366,2393,2.0
2366,2397,3.4
2366,2403,2.6666666666666665
2366,2405,1.0
2366,2450,1.0
2366,2504,4.5
2366,2505,5.0
2366,2707,1.0
2366,2804,3.0
2371,2504,2.0
2371,2505,1.0
2379,1025,1.0
2379,1266,1.0
2379,1700,3.0
2379,1870,1.0
2379,2216,1.0
2379,2371,3.2
2379,2381,5.6
2379,2389,2.3333333333333335
2379,2403,2.0
2379,2404,3.3333333333333335
2379,2405,2.0
2379,2411,2.0
2379,2450,3.75
2379,2504,1.75
2379,2505,2.0
2379,2804,1.3333333333333333
2379,2805,1.0
2381,1025,1.0
2381,1220,1.5
2381,1700,8.2
2381,2371,6.2
2381,2389,1.25
2381,2404,3.5
2381,2411,3.0
2381,2450,1.0
2381,2805,1.0
2382,1023,1.0
2382,1025,2.0
2382,1220,3.0
2382,1266,1.5
2382,1508,1.5
2382,1610,7.666666666666667
2382,1650,6.0
2382,1700,15.4
2382,1851,2.2
2382,1870,1.0
2382,2207,33.6
2382,2211,1.0
2382,2216,1.0
2382,2253,3.0
2382,2371,17.0
2382,2379,8.8
2382,2381,20.8
2382,2403,1.0
2382,2405,3.0
2382,2419,1.0
2382,2450,4.6
2382,2504,2.6
2382,2505,1.4
2382,2804,1.5
2382,2805,2.0
2389,1025,1.0
2389,1220,1.0
2389,1266,1.0
2389,1700,2.0
2389,2371,2.2
2389,2404,3.2
2389,2411,1.0
2389,2805,2.0
2391,1220,1.0
2391,2001,1.0
2391,2099,6.0
2393,1025,1.5
2393,1152,1.0
2393,1153,2.0
2393,1154,1.0
2393,1220,1.0
2393,1266,1.0
2393,1321,1.0
2393,1610,5.666666666666667
2393,1650,4.5
2393,1700,5.0
2393,1871,2.0
2393,2207,5.0
2393,2355,25.5
2393,2359,18.0
2393,2371,4.2
2393,2379,4.2
2393,2381,4.0
2393,2389,5.0
2393,2404,8.6
2393,2410,1.5
2393,2411,16.0
2393,2419,17.0
2393,2450,7.6
2393,2804,9.0
2393,2805,6.0
2394,1026,1.0
2394,1027,1.0
2394,1066,1.0
2394,1220,1.0
2394,1266,1.5
2394,1321,1.0
2394,1610,4.333333333333333
2394,1650,5.0
2394,1723,1.0
2394,1724,1.0
2394,1788,1.0
2394,1818,3.0
2394,1856,1.0
2394,1868,2.0
2394,1871,2.0
2394,1920,1.0
2394,1954,1.0
2394,2002,2.0
2394,2004,4.666666666666667
2394,2600,2.0
2394,2706,5.6
2394,2707,2.0
2394,AC18,1.0
2394,Q16,1.0
2397,1025,1.0
2397,1266,1.0
2397,1508,1.5
2397,1610,2.6666666666666665
2397,1650,2.0
2397,1700,1.0
2397,1851,7.0
2397,1879,1.0
2397,2207,2.6
2397,2211,1.0
2397,2253,1.8
2397,2371,2.0
2397,2382,3.6
2397,2450,2.0
2398,1325,1.0
2399,1025,1.0
2399,1508,1.3333333333333333
2399,1610,1.5
2399,1650,1.5
2399,1700,1.0
2399,1851,7.0
2399,1871,1.0
2399,1879,1.0
2399,2207,3.0
2399,2211,1.0
2399,2253,1.5
2399,2309,2.0
2399,2366,3.6
2399,2371,1.5
2399,2382,2.5
2399,2397,7.6
2399,2450,2.0
2399,2504,1.0
2403,2371,1.0
2403,2504,2.2
2403,2505,3.0
2403,2804,2.0
2404,1266,1.0
2404,2504,3.0
2404,2805,4.0
2405,2371,1.5
2410,2359,2.0
2410,2371,1.0
2410,2411,2.0
2411,1220,1.0
2411,1457,1.0
2411,2359,16.0
2411,2371,2.5
2411,2804,11.0
2411,2805,3.0
2412,1025,1.0
2412,1465,5.0
2412,2112,2.0
2412,2414,1.0
2412,TCI21,1.0
2414,1220,1.0
2414,1266,1.6666666666666667
2414,1359,6.25
2414,1465,11.0
2414,1522,1.6666666666666667
2414,1527,1.0
2415,1027,1.0
2415,1031,1.0
2415,1057,1.0
2415,1151,4.0
2415,1316,4.0
2415,1324,1.0
2415,1325,1.5
2415,1340,3.5
2415,1347,1.0
2415,1353,2.0
2415,1354,1.0
2415,1434,1.5
2415,1537,3.5
2415,1610,1.0
2415,1632,2.0
2415,1650,3.0
2415,1716,2.0
2415,1731,1.0
2415,1758,1.0
2415,1781,2.0
2415,1857,1.0
2415,1871,1.0
2415,1898,1.0
2415,1938,2.0
2415,1942,1.0
2415,2013,1.0
2415,5705,1.0
2415,5828,1.0
2415,5850,1.0
2415,5855,1.0
2415,5859,1.0
2419,1321,1.0
2419,1610,1.0
2419,1700,2.0
2419,2207,4.0
2419,2371,2.3333333333333335
2419,2379,1.3333333333333333
2419,2381,1.5
2419,2389,2.3333333333333335
2419,2410,1.0
2419,2411,10.0
2419,2450,3.0
2419,2804,8.0
2450,1220,1.0
2450,1266,2.5
2450,1700,2.4
2450,2359,3.0
2450,2371,3.0
2450,2389,2.5
2450,2403,2.5
2450,2404,3.25
2450,2405,2.3333333333333335
2450,2410,2.0
2450,2411,4.75
2450,2504,1.2
2450,2505,2.3333333333333335
2450,2804,2.3333333333333335
2450,2805,2.0
2505,2504,4.6
2600,1066,1.0
2600,1610,1.5
2600,1724,1.0
2600,1818,1.0
2600,1824,1.5
2600,AC18,1.0
2600,Q16,1.0
2601,1066,1.0
2601,1610,3.0
2601,1818,3.0
2601,1824,1.0
2601,1850,1.0
2601,1856,1.0
2601,2002,3.0
2601,2320,1.0
2601,2394,1.0
2601,2600,1.0
2601,2605,3.3333333333333335
2601,2706,5.0
2601,2707,1.0
2601,Q16,2.0
2605,1818,2.0
2605,1824,1.0
2605,1856,1.0
2605,2002,3.0
2605,EP2,1.0
2706,1025,1.0
2706,1122,1.0
2706,1131,2.5
2706,1140,1.0
2706,1220,3.0
2706,1266,1.6666666666666667
2706,1461,3.0
2706,1513,1.0
2706,1556,2.0
2706,1610,22.333333333333332
2706,1620,1.0
2706,1650,18.0
2706,1722,2.0
2706,1723,2.0
2706,1724,1.75
2706,1727,1.0
2706,1818,7.4
2706,1824,14.6
2706,1856,13.8
2706,1868,5.0
2706,2001,1.0
2706,2002,7.4
2706,2004,13.25
2706,2011,1.0
2706,2013,1.5
2706,2054,2.5
2706,2605,3.0
2706,2707,13.0
2706,5504,3.2
2706,5514,1.0
2706,5518,1.0
2706,5603,1.0
2706,5839,1.0
2706,PQ07,1.0
2706,Q104,1.0
2706,Q16,3.3333333333333335
2706,Q56,1.0
2706,Q68,1.6
2706,Q71,1.5
2706,Q80,2.0
2706,Q82,1.0
2707,1025,1.6666666666666667
2707,1220,1.0
2707,1266,2.0
2707,1620,1.0
2707,1818,3.0
2707,1824,14.8
2707,1856,13.0
2707,1868,3.0
2707,2001,2.0
2707,2002,3.6
2707,2004,4.25
2707,2032,1.0
2707,2054,1.0
2707,2605,1.0
2707,5504,2.5
2804,2371,1.6666666666666667
2804,2504,3.0
2804,2505,4.0
3207,1324,1.0
3207,1325,1.0
3207,1340,6.0
3207,1450,1.0
3207,1537,3.0
3207,1716,1.0
3207,1723,1.0
3207,1731,2.0
3207,1766,1.0
3207,1767,1.0
3207,1774,4.0
3207,1781,1.0
3207,1876,2.0
3207,1898,2.0
3207,1938,3.0
3207,2098,3.0
3207,2391,3.0
3207,2398,3.0
3207,Q16,5.0
3334,1023,1.0
3334,1026,1.0
3334,1027,1.0
3334,1122,2.0
3334,1220,1.0
3334,1266,2.0
3334,1321,1.0
3334,1373,1.0
3334,1539,6.4
3334,1610,1.3333333333333333
3334,1632,6.0
3334,1650,1.0
3334,1723,2.5
3334,1788,2.0
3334,1868,8.0
3334,1871,8.0
3334,1920,11.0
3334,1940,1.0
3334,1954,3.0
3334,2098,4.4
3334,2099,9.0
3334,2216,1.0
3334,2391,8.0
3334,2398,6.0
3334,2706,1.0
3334,3207,6.0
3334,Q16,21.8
5504,1266,2.0
5504,1824,1.8
5504,2001,1.0
5508,1266,1.0
5508,1457,1.0
5508,1556,1.0
5508,5603,5.4
5508,5705,1.0
5514,5603,3.2
5518,1023,1.0
5518,1122,1.0
5518,1457,1.0
5518,1461,1.3333333333333333
5518,2011,2.0
5518,2013,2.0
5518,2020,1.0
5518,5514,3.6
5518,5603,1.6666666666666667
5603,1266,1.0
5609,1023,2.0
5609,1122,1.6666666666666667
5609,1131,1.0
5609,1152,1.0
5609,1307,1.5
5609,1321,1.0
5609,1457,1.0
5609,1461,7.4
5609,1513,2.25
5609,1556,1.75
5609,1610,2.5
5609,1620,1.3333333333333333
5609,1650,1.0
5609,1857,1.3333333333333333
5609,2011,2.0
5609,2013,2.0
5609,2018,1.0
5609,2020,1.0
5609,2314,2.0
5609,2706,1.0
5609,5508,6.4
5609,5514,3.2
5609,5518,2.3333333333333335
5609,5603,5.8
5609,5850,2.5
5609,5855,1.0
5609,EP2,1.0
5609,Q16,1.0
5705,1457,1.5
5705,1537,1.0
5705,1556,1.75
5705,1780,1.0
5705,1781,1.0
5705,5720,1.0
5705,5853,1.0
5707,1450,1.0
5707,1461,1.6666666666666667
5707,1513,1.0
5707,1556,1.0
5707,1610,1.0
5707,1620,2.0
5707,2013,2.0
5707,5705,1.3333333333333333
5707,5839,1.0
5715,1023,3.8
5715,1025,1.75
5715,1027,1.0
5715,1066,33.8
5715,1122,9.6
5715,1129,3.0
5715,1131,3.6666666666666665
5715,1154,1.0
5715,1209,1.0
5715,1307,25.8
5715,1321,3.4
5715,1322,1.0
5715,1324,2.6666666666666665
5715,1373,1.0
5715,1450,2.8
5715,1457,56.6
5715,1461,8.2
5715,1513,26.0
5715,1537,1.6666666666666667
5715,1556,1.0
5715,1610,4.0
5715,1620,1.3333333333333333
5715,1650,1.0
5715,1788,1.0
5715,1868,1.0
5715,1871,3.6666666666666665
5715,2011,2.2
5715,2013,1.25
5715,2018,2.5
5715,2020,2.0
5715,2022,1.0
5715,2060,1.0
5715,2061,1.5
5715,2207,1.0
5715,2314,1.0
5715,2393,1.0
5715,2411,1.0
5715,5508,3.5
5715,5514,1.6666666666666667
5715,5518,1.0
5715,5603,1.8
5715,5705,2.0
5715,5707,1.0
5715,5720,1.0
5715,5815,1.0
5715,5828,4.0
5715,5839,1.5
5715,5849,2.25
5715,5850,23.0
5715,5855,3.4
5715,5856,1.0
5715,5866,1.0
5715,LIB38,1.0
5715,PA288,1.0
5717,1023,1.75
5717,1025,1.0
5717,1066,1.0
5717,1122,2.0
5717,1131,2.5
5717,1209,1.5
5717,1307,1.0
5717,1321,1.0
5717,1450,1.0
5717,1457,1.0
5717,1461,13.4
5717,1513,2.5
5717,1537,1.0
5717,1556,16.0
5717,1610,1.5
5717,1620,1.0
5717,1650,3.5
5717,1857,1.6666666666666667
5717,1871,1.0
5717,2011,2.5
5717,2013,2.6
5717,2018,1.3333333333333333
5717,2020,1.6666666666666667
5717,2022,1.0
5717,2706,2.0
5717,5508,1.0
5717,5609,2.25
5717,5705,1.2
5717,5707,3.0
5717,5849,1.5
5717,5850,11.4
5717,5855,1.0
5717,LIB38,2.3333333333333335
5719,1023,2.0
5719,1027,1.0
5719,1122,2.0
5719,1461,2.0
5719,1610,1.0
5719,2013,3.0
5719,5707,1.0
5719,5720,4.0
5719,5839,3.0
5719,5849,3.0
5719,5850,2.0
5720,1952,1.0
5720,5828,8.0
5720,5866,1.5
5815,1122,1.0
5815,1307,1.0
5815,1457,1.0
5815,1461,2.0
5815,1537,1.0
5815,1610,1.0
5815,1620,1.0
5815,2011,1.0
5815,2013,1.0
5815,5855,2.0
5817,1023,1.25
5817,1027,1.0
5817,1066,1.6666666666666667
5817,1122,2.0
5817,1152,1.0
5817,1154,1.0
5817,1208,2.0
5817,1307,1.0
5817,1321,1.3333333333333333
5817,1324,1.0
5817,1325,1.0
5817,1450,2.25
5817,1456,1.0
5817,1457,2.5
5817,1461,2.8
5817,1462,3.0
5817,1513,2.2
5817,1534,1.0
5817,1537,2.0
5817,1556,1.0
5817,1620,1.0
5817,1650,1.0
5817,1871,1.0
5817,2011,1.0
5817,2013,1.0
5817,2018,1.5
5817,2020,1.5
5817,5715,3.4
5817,5719,1.0
5817,5720,1.6666666666666667
5817,5815,1.0
5817,5828,2.0
5817,5850,1.4
5817,5855,3.6
5817,5856,2.0
5817,5866,2.0
5839,1307,1.0
5839,1321,1.0
5839,1556,1.5
5839,2013,5.0
5839,5705,1.0
5839,5720,5.0
5839,5853,1.0
5849,1023,2.5
5849,1026,1.0
5849,1027,1.0
5849,1122,1.25
5849,1131,2.0
5849,1235,3.0
5849,1307,1.3333333333333333
5849,1321,1.0
5849,1324,1.0
5849,1450,4.0
5849,1461,6.4
5849,1513,1.75
5849,1537,1.0
5849,1556,1.6666666666666667
5849,1610,1.0
5849,1650,2.0
5849,1868,1.0
5849,1871,1.0
5849,2011,3.0
5849,2013,3.3333333333333335
5849,2018,1.0
5849,2020,1.0
5849,2060,1.0
5849,2061,1.0
5849,2706,1.0
5849,5705,1.0
5849,5707,1.0
5849,5712,1.0
5849,5720,4.0
5849,5828,3.0
5849,5839,8.0
5849,5853,4.0
5849,5855,1.0
5849,5906,1.0
5849,LIB38,1.0
5849,Q16,2.0
5850,1023,3.25
5850,1025,1.0
5850,1026,1.0
5850,1027,1.0
5850,1066,11.6
5850,1122,1.4
5850,1131,5.0
5850,1152,1.0
5850,1154,1.0
5850,1209,1.0
5850,1235,4.0
5850,1307,8.8
5850,1321,2.25
5850,1322,1.0
5850,1324,1.0
5850,1373,1.0
5850,1450,3.0
5850,1457,18.6
5850,1461,20.6
5850,1513,7.8
5850,1537,1.0
5850,1556,12.6
5850,1610,3.6666666666666665
5850,1620,1.25
5850,1650,6.5
5850,1788,1.0
5850,1857,1.3333333333333333
5850,1871,5.333333333333333
5850,2011,4.0
5850,2013,4.4
5850,2018,2.6666666666666665
5850,2020,1.5
5850,2021,2.0
5850,2022,1.0
5850,2706,2.0
5850,5508,8.0
5850,5514,1.0
5850,5705,1.5
5850,5707,1.6666666666666667
5850,5712,1.0
5850,5720,2.6666666666666665
5850,5815,1.0
5850,5828,4.0
5850,5839,4.5
5850,5849,5.2
5850,5853,3.5
5850,5855,3.0
5850,5866,2.0
5850,5906,1.0
5850,LIB36,1.0
5850,LIB38,1.3333333333333333
5850,PA580,1.0
5853,PA243,1.0
5855,1456,1.0
5855,1457,2.6
5855,1537,3.25
5855,1556,1.0
5855,5508,1.0
5855,5705,1.0
5855,5720,2.0
5855,5828,1.0
5855,5856,1.0
5855,5866,1.6666666666666667
5859,1537,1.0
5859,1857,1.0
5859,5855,1.0
5864,1537,1.0
5864,5720,1.0
5864,5828,1.0
5864,5849,1.0
5866,5828,1.0
5904,1266,1.0
5906,1556,1.0
5913,1131,1.0
5913,1307,1.0
5913,1450,1.0
5913,1461,2.5
5913,1462,1.0
5913,1534,1.0
5913,1556,1.0
5913,1610,1.0
5913,1650,1.0
5913,1857,1.0
5913,2011,1.0
5913,2013,1.5
5913,2018,1.0
5913,5849,5.0
5913,5850,3.0
5916,1057,1.0
5916,1316,5.0
5916,1325,1.0
5916,1340,7.25
5916,1354,11.5
5916,1450,1.3333333333333333
5916,1537,1.0
5916,1610,4.333333333333333
5916,1650,3.0
5916,1716,11.4
5916,1730,4.75
5916,1731,6.6
5916,1749,2.5
5916,1758,2.75
5916,1766,1.0
5916,1767,2.5
5916,1774,2.0
5916,1775,5.0
5916,1776,2.3333333333333335
5916,1778,1.0
5916,1780,1.0
5916,1781,6.25
5916,1828,11.0
5916,1835,3.0
5916,1868,3.0
5916,1876,2.0
5916,1898,5.0
5916,1938,5.0
5916,1952,1.3333333333333333
5916,1954,1.0
5916,2060,1.0
5916,2398,2.0
5916,3207,1.0
5916,5720,2.0
5916,5828,2.0
5916,5866,1.0
5916,5904,1.0
A88,Q68,1.0
A88,Q80,3.0
AC14,PE139,1.0
AC32,PA22,2.0
AC32,PF32,2.0
AC36,1610,1.0
AC36,1724,1.0
AC36,1856,1.0
AC36,2002,1.0
AC7,PA082,1.0
AC7,PA232,1.0
AC7,PA288,1.0
AC7,PA323,1.0
AC7,PA561,2.0
AC7,PA562,2.0
AC7,PE336,2.0
AC7,PE407,1.0
EP2,2013,1.0
EP29,PE502,1.0
LIB36,1461,1.0
LIB36,1556,2.0
LIB38,1066,1.0
LIB38,1122,1.0
LIB38,1235,1.0
LIB38,1457,1.0
LIB38,1461,2.6666666666666665
LIB38,1513,1.0
LIB38,1556,2.0
LIB38,2011,1.0
LIB38,2013,1.0
LIB38,5705,1.25
LIB38,Q16,1.0
MI2,1220,16.0
MI2,1266,24.333333333333332
MI2,1321,2.8
MI2,1322,6.5
MI2,1373,159.33333333333334
MI2,1620,22.0
MI2,5904,23.8
MI2,LIB49,6.2
MI2,TI01,1.0
MI2,TIM12,2.0
MI2,TIM14,2.0
PA010,PA323,1.0
PA010,PA608,7.0
PA028,PA590,1.0
PA028,PQ01,2.0
PA096,PA476,8.0
PA106,PA590,1.0
PA106,PQ01,3.0
PA159,PA580,1.0
PA159,PE121,1.0
PA159,PE125,1.0
PA159,PE310,3.0
PA159,PE407,1.0
PA180,PA015,2.0
PA225,PA245,1.0
PA226,PA288,1.0
PA226,PA440,2.0
PA226,PE159,1.0
PA226,PE339,2.0
PA226,PE451,1.0
PA226,PE520,1.0
PA226,PEN7,1.0
PA232,2054,1.0
PA232,PA288,3.3333333333333335
PA232,PA360,5.0
PA232,PA378,1.0
PA232,PA563,1.0
PA232,PA567,2.0
PA232,PA580,11.0
PA232,PA93,1.0
PA232,PC130,2.0
PA232,PE035,7.0
PA232,PE121,1.0
PA232,PE125,2.0
PA232,PE156,3.0
PA232,PE336,4.0
PA232,PE407,8.0
PA232,PE520,1.0
PA242,1025,1.0
PA242,1027,2.0
PA242,1324,1.0
PA242,5849,1.0
PA242,PA563,1.0
PA242,PC129,1.0
PA278,PA559,2.0
PA288,5514,1.0
PA288,5603,1.0
PA288,PA360,1.0
PA288,PA561,1.0
PA288,PA567,1.0
PA288,PC130,1.0
PA288,PE125,2.0
PA308,PA563,1.0
PA308,PC111,1.0
PA323,PA590,2.0
PA323,PC152,1.0
PA323,PE520,1.0
PA353,PA401,1.0
PA355,PA681,2.0
PA355,PC21,7.0
PA355,PE254,8.0
PA355,PG02,1.0
PA355,PG32,2.0
PA355,PG35,2.0
PA355,PG38,1.0
PA357,PE139,1.0
PA365,AC14,1.0
PA365,AC7,1.0
PA365,PA082,4.0
PA365,PA180,2.0
PA365,PA288,1.0
PA365,PA561,1.0
PA365,PA790,1.0
PA370,PA563,1.0
PA370,PA582,1.0
PA370,PC79,1.0
PA370,PE030,1.0
PA370,PE316,1.0
PA378,PA580,1.0
PA384,PA028,2.0
PA384,PA106,6.0
PA384,PA43,5.0
PA384,PA590,2.0
PA384,PQ01,6.0
PA401,1321,1.0
PA401,EP41,1.0
PA401,PA288,3.0
PA401,PA790,1.0
PA401,PEN11,1.0
PA401,PQ07,1.0
PA43,PA028,1.0
PA43,PA106,5.0
PA43,PA284,1.0
PA43,PA590,1.0
PA43,PQ01,2.0
PA450,PA439,1.0
PA450,PA455,1.0
PA450,PA530,3.0
PA450,PC127,1.0
PA450,PC148,1.0
PA455,1023,1.0
PA455,1322,1.0
PA455,PA439,4.4
PA455,PA473,1.0
PA455,PA476,1.0
PA455,PES17,1.0
PA456,1321,1.0
PA466,PA323,1.0
PA466,PC21,1.0
PA466,PG13,1.0
PA469,PA439,5.5
PA469,PA455,6.5
PA469,PA631,3.0
PA473,PA096,6.0
PA473,PA476,5.0
PA473,PC123,5.0
PA476,PC123,5.0
PA482,2054,1.0
PA511,AC7,4.0
PA511,PA288,1.0
PA511,PA365,4.0
PA511,PA561,5.0
PA511,PA562,3.0
PA511,Q80,1.0
PA511,Q81,1.0
PA511,Q82,1.0
PA511,Q94,1.0
PA522,PA439,4.5
PA522,PA455,5.0
PA522,PA523,13.0
PA522,PA524,2.0
PA522,PA530,10.0
PA522,PA630,5.0
PA523,PA439,1.0
PA523,PA455,1.0
PA524,1122,1.0
PA524,PA245,7.0
PA530,1023,1.0
PA530,1031,1.0
PA530,AC7,1.0
PA530,PA439,2.0
PA530,PA455,1.0
PA530,PA524,2.0
PA530,PA563,1.0
PA530,PA630,5.0
PA530,PA93,1.0
PA530,PC168,1.0
PA548,PE031,1.0
PA553,PA578,1.0
PA554,PA531,1.0
PA555,PA232,2.0
PA562,PA561,3.0
PA563,1354,1.0
PA563,PA288,1.0
PA563,PA323,1.0
PA563,PA360,1.0
PA563,PA529,1.0
PA563,PA531,3.0
PA563,PA575,4.0
PA563,PA590,1.0
PA563,PA93,2.0
PA563,PC108,2.0
PA563,PC125,1.0
PA563,PC127,1.0
PA563,PC130,3.0
PA563,PC148,1.0
PA563,PC152,1.0
PA563,PC213,1.0
PA563,PE244,1.0
PA563,PE316,1.0
PA563,PE457,2.0
PA563,PE502,1.0
PA563,PE57,3.0
PA563,PQ72,1.0
PA573,PA308,1.0
PA573,PA531,1.0
PA573,PA563,2.0
PA573,PA575,1.0
PA573,PA602,2.0
PA577,1354,1.0
PA577,1716,1.0
PA577,1731,1.0
PA577,PA602,1.0
PA577,PA631,1.0
PA580,1824,1.0
PA580,1856,1.0
PA580,1868,1.0
PA580,2707,1.0
PA580,PA288,3.0
PA580,PA567,2.0
PA580,PE121,3.0
PA580,PE125,5.0
PA580,PE336,1.0
PA590,PA22,1.0
PA600,AC18,2.0
PA600,PA288,1.0
PA600,PA323,1.0
PA600,PA401,1.0
PA600,PA93,2.0
PA600,PE159,2.0
PA600,Q82,1.0
PA601,1027,1.0
PA601,PA529,1.0
PA601,PA695,1.0
PA601,PC107,4.0
PA601,PE030,1.0
PA601,PE106,1.0
PA601,PE502,1.0
PA602,1321,1.0
PA602,1857,1.0
PA602,PA288,1.0
PA602,PA548,1.0
PA602,PA563,5.0
PA602,PA575,1.0
PA602,PE030,2.0
PA602,PM60,1.0
PA606,PA608,5.0
PA606,PA609,6.0
PA606,PM60,1.0
PA609,PA608,6.0
PA616,PA456,1.0
PA617,AC21,5.0
PA617,PA623,1.0
PA620,PA621,3.0
PA620,PDE01,8.0
PA623,AC21,1.0
PA63,1868,1.0
PA63,PA482,2.0
PA63,PA563,2.3333333333333335
PA63,PA580,1.0
PA63,PE030,1.0
PA630,PA524,2.0
PA639,PA482,2.0
PA639,PA63,2.0
PA641,2054,1.0
PA641,2394,1.0
PA641,PA106,1.0
PA641,PA384,1.0
PA641,PA401,1.0
PA641,PA43,1.0
PA641,PA590,1.0
PA641,PES7,1.0
PA672,PA790,3.0
PA673,PF09,1.0
PA676,PA620,1.0
PA676,PA621,1.0
PA681,PG02,2.5
PA684,1026,1.0
PA684,1030,1.0
PA684,1031,1.0
PA684,1321,2.0
PA684,1324,1.0
PA684,1325,1.0
PA684,PA687,29.0
PA685,1023,1.0
PA685,1027,1.0
PA685,1030,1.5
PA685,1151,1.0
PA685,1373,1.0
PA685,1610,1.0
PA685,PA686,44.0
PA687,1321,1.0
PA687,PC135,1.0
PA690,1023,1.0
PA690,1027,1.0
PA690,1030,1.5
PA690,1151,1.0
PA690,1373,1.0
PA690,1610,1.0
PA690,PA685,85.5
PA690,PA686,44.0
PA690,PC135,1.0
PA695,PE502,1.0
PA93,PA288,1.0
PA93,PA360,1.0
PA93,PA440,1.0
PA93,PE159,2.0
PA97,1888,1.0
PA97,PA439,1.0
PA97,PC93,2.0
PC01,PC06,1.0
PC01,PC125,4.0
PC010,PA455,1.0
PC010,PA473,3.0
PC010,PA476,4.0
PC010,PC123,3.0
PC010,PE031,1.0
PC011,PC126,4.0
PC011,PC127,2.0
PC02,PA563,9.0
PC02,PC06,2.0
PC02,PC108,1.0
PC02,PE030,1.0
PC02,PE031,1.0
PC02,PE57,1.0
PC06,PA563,2.5
PC06,PC125,1.0
PC06,PE57,1.0
PC107,1027,1.0
PC107,1321,1.0
PC107,1610,1.0
PC107,PA308,1.0
PC107,PA563,6.5
PC107,PA63,1.0
PC107,PE030,4.0
PC107,PE244,1.0
PC107,PM60,2.0
PC108,PA323,1.0
PC108,PA575,1.0
PC111,PA790,1.0
PC126,PA97,7.0
PC126,PC127,1.0
PC126,PE363,8.0
PC128,EP2,1.0
PC128,PA563,1.0
PC130,PE502,1.0
PC135,PC159,1.0
PC136,PA687,1.0
PC136,PC135,20.0
PC136,PC139,29.0
PC136,PC159,1.0
PC138,PA687,19.0
PC138,PC135,4.0
PC138,PC136,1.0
PC148,PC127,1.0
PC149,1321,1.0
PC149,PA684,24.0
PC149,PA687,22.0
PC149,PC135,1.0
PC149,PC136,1.0
PC149,PC138,19.0
PC149,PC159,1.0
PC149,PC164,1.0
PC152,PC127,4.0
PC159,1324,1.0
PC159,1325,1.0
PC159,1758,1.0
PC159,1942,1.0
PC164,PC159,5.666666666666667
PC164,PC165,7.0
PC165,1325,1.0
PC165,PC159,5.0
PC168,PA323,2.0
PC168,PA630,3.0
PC170,PE502,1.0
PC21,PE254,7.0
PC213,PA587,1.0
PC230,PA524,9.0
PC230,PA630,3.0
PC230,PC011,4.0
PC230,PC126,4.0
PC230,PC127,1.0
PC230,PC168,2.0
PC230,PC93,1.0
PC230,PE243,9.0
PC230,PE363,1.0
PC79,PA554,1.0
PC79,PE031,1.0
PC93,PA225,5.0
PC93,PC97,14.0
PCP03,PCP01,1.0
PE030,1023,1.0
PE030,1321,1.0
PE030,1868,1.0
PE030,PA529,1.0
PE030,PA563,2.3333333333333335
PE030,PA93,1.0
PE030,PC130,1.0
PE030,PC148,1.0
PE030,PE032,1.0
PE030,PE104,1.0
PE030,PE244,1.0
PE030,PE456,1.0
PE031,PE502,1.0
PE035,1131,1.0
PE035,1461,1.0
PE035,1650,1.0
PE035,1824,1.0
PE035,5508,1.0
PE035,PA288,2.0
PE035,PA360,1.0
PE035,PC130,1.0
PE106,PA529,1.0
PE119,PE125,1.0
PE119,PE520,1.0
PE121,PA288,1.0
PE121,PA567,3.0
PE121,PE125,4.0
PE121,PE310,1.0
PE125,PA567,1.0
PE125,PE520,1.0
PE127,PA323,1.0
PE127,PE104,2.0
PE156,PA288,1.0
PE156,PA360,3.0
PE156,PA563,1.0
PE156,PA589,1.0
PE156,PE035,1.0
PE159,AC18,1.0
PE159,PA288,1.0
PE159,PA440,2.0
PE195,PE502,1.0
PE199,PC93,21.0
PE199,PC97,8.5
PE211,PE502,1.0
PE243,PA245,7.0
PE243,PA524,8.5
PE267,1321,1.0
PE267,PA548,1.0
PE267,PA563,4.0
PE267,PA602,5.0
PE267,PC107,1.0
PE267,PE030,1.0
PE267,PE316,1.0
PE267,PM60,1.0
PE299,PC97,6.0
PE299,PE199,5.0
PE322,PA620,1.0
PE322,PA621,1.0
PE322,PA676,1.0
PE336,PA513,1.0
PE336,PA567,2.0
PE339,PA288,1.0
PE339,PA323,2.0
PE339,PA401,1.0
PE339,PA440,3.0
PE339,PA559,1.0
PE339,PA563,1.0
PE339,PA600,5.0
PE339,PA93,1.0
PE339,PE159,2.0
PE339,Q82,1.0
PE354,PA232,1.0
PE354,PE035,1.0
PE354,PQ07,1.0
PE354,PQ09,4.0
PE354,Q80,1.0
PE363,PA225,5.0
PE363,PA439,1.0
PE363,PA97,13.0
PE363,PC93,4.333333333333333
PE407,PA288,1.0
PE407,PA567,1.0
PE407,PA580,5.0
PE407,PE121,2.0
PE407,PE125,3.0
PE407,PE336,1.0
PE451,PA278,1.0
PE451,PA524,1.0
PE451,PE520,2.0
PE69,PA243,1.0
PE69,PE030,1.0
PE69,PM60,1.0
PEN7,PA278,3.0
PEN7,PA288,2.0
PEN7,PA323,1.0
PEN7,PA401,1.0
PEN7,PA559,3.0
PEN7,PE339,5.0
PEN7,PE520,1.0
PEN7,PEN8,2.0
PEN8,PA323,1.0
PEN8,PA401,1.0
PES17,PF09,1.0
PES17,PQ07,1.0
PF32,PA22,5.0
PF32,PA590,1.0
PG19,PC21,1.0
PG19,PG10,1.0
PG19,PG35,1.0
PG32,PA681,3.0
PG32,PG02,2.0
PG34,PA681,1.0
PG34,PG02,3.0
PG34,PG38,2.0
PG35,PG10,2.0
PG38,PG02,1.0
PM60,1031,1.0
PM60,PA243,1.0
PM60,PA323,2.0
PM60,PA563,9.0
PM60,PA575,3.0
PM60,PA590,3.0
PM60,PA608,1.0
PM60,PA609,1.0
PM60,PA63,1.0
PM60,PA93,1.0
PM60,PE316,1.0
PM60,PE339,1.0
PQ01,PA590,1.0
PQ07,1824,2.0
PQ07,PF09,2.0
PQ09,PC125,1.0
PQ09,PES17,1.0
PQ09,PF09,1.0
PQ09,PQ07,4.0
PQ09,Q104,2.0
PQ09,Q80,1.0
PQ71,PA563,1.0
PQ71,PA590,3.0
PQ71,PA641,2.0
PQ71,PQ72,4.0
PQ71,Q80,1.0
PQ71,Q81,1.0
PQ71,Q82,4.0
PQ72,PA590,1.0
PQ75,PES17,1.0
PQ75,PF09,1.0
PQ75,PQ07,1.0
PQ75,PQ09,1.0
PT3,PA548,1.0
PT3,PE316,1.0
Q13,1025,2.0
Q13,Q21,1.0
Q16,1023,1.0
Q16,1026,1.0
Q16,1027,1.0
Q16,1122,1.3333333333333333
Q16,1220,1.0
Q16,1266,2.0
Q16,1321,1.0
Q16,1373,1.0
Q16,1450,2.0
Q16,1461,1.0
Q16,1632,5.0
Q16,1722,1.0
Q16,1724,1.0
Q16,1818,2.0
Q16,1824,2.25
Q16,1856,3.0
Q16,1868,9.0
Q16,2002,1.0
Q16,2004,3.0
Q16,2013,1.0
Q16,2054,1.0
Q16,2098,3.0
Q16,2099,6.5
Q16,2216,1.0
Q16,2391,5.333333333333333
Q16,2398,6.0
Q16,2605,1.5
Q16,2707,2.0
Q16,5504,2.0
Q16,5508,2.0
Q16,5514,1.0
Q16,5712,1.0
Q16,5720,2.0
Q16,5828,1.0
Q16,Q68,1.0
Q16,Q71,1.5
Q196,1215,2.0
Q196,2108,1.5
Q196,2244,1.0
Q196,2706,1.0
Q196,Q16,1.0
Q196,Q56,3.0
Q196,Q624,7.0
Q196,Q68,1.0
Q196,Q71,1.5
Q196,Q80,13.5
Q196,Q81,13.5
Q196,Q82,1.0
Q197,1027,1.0
Q197,1215,2.0
Q197,2108,2.0
Q197,2253,1.0
Q197,PQ09,2.0
Q197,Q104,9.5
Q197,Q624,7.5
Q197,Q68,1.0
Q197,Q71,3.0
Q197,Q80,15.0
Q197,Q81,11.5
Q197,Q82,2.0
Q197,Q88,1.0
Q22,1023,2.5
Q22,1025,5.2
Q22,1026,1.0
Q22,1031,1.0
Q22,1066,1.0
Q22,1122,1.0
Q22,1152,1.0
Q22,1153,9.6
Q22,1154,15.2
Q22,1215,3.4
Q22,1220,1.0
Q22,1266,1.0
Q22,1321,1.0
Q22,1322,1.0
Q22,1373,2.5
Q22,1539,15.6
Q22,1610,4.666666666666667
Q22,1631,1.0
Q22,1632,4.0
Q22,1650,2.5
Q22,1723,3.75
Q22,1788,4.0
Q22,1868,1.0
Q22,1871,8.0
Q22,1920,9.4
Q22,1940,9.0
Q22,1954,5.666666666666667
Q22,2032,1.0
Q22,2098,1.75
Q22,2099,4.75
Q22,2253,1.0
Q22,2391,2.25
Q22,2398,3.0
Q22,3207,2.0
Q22,3334,11.4
Q22,Q104,2.0
Q22,Q13,1.0
Q22,Q16,11.6
Q22,Q21,86.2
Q22,Q624,2.3333333333333335
Q22,Q68,3.0
Q22,Q69,1.0
Q22,Q71,1.0
Q22,Q80,1.0
Q22,Q81,1.0
Q503,Q104,1.0
Q503,Q80,1.0
Q624,1025,1.0
Q624,1215,2.25
Q624,2253,1.25
Q624,2706,2.0
Q624,A88,2.3333333333333335
Q624,PQ09,1.0
Q624,Q104,4.0
Q624,Q13,2.0
Q624,Q16,2.0
Q624,Q196B,3.0
Q624,Q21,1.0
Q624,Q56,1.0
Q624,Q68,10.2
Q624,Q69,6.6
Q624,Q71,3.4
Q624,Q80,22.4
Q624,Q81,23.6
Q624,Q82,2.75
Q65,1215,1.0
Q68,Q104,2.0
Q68,Q56,2.0
Q69,1215,1.8
Q69,1266,1.0
Q69,1321,1.0
Q69,1359,1.0
Q69,1373,1.0
Q69,1465,1.0
Q69,2253,1.0
Q69,2706,2.0
Q69,Q16,1.5
Q69,Q68,57.0
Q69,Q71,47.0
Q71,Q104,1.5
Q71,Q56,1.0
Q71,Q68,50.8
Q80,1215,2.0
Q80,Q104,6.5
Q80,Q196B,19.0
Q80,Q56,8.0
Q80,Q68,1.0
Q81,1023,1.0
Q81,1215,2.25
Q81,2253,1.5
Q81,2706,2.6666666666666665
Q81,A88,3.0
Q81,PA561,1.0
Q81,PQ09,1.0
Q81,Q104,2.5
Q81,Q13,1.0
Q81,Q196B,15.0
Q81,Q56,8.0
Q81,Q68,2.0
Q81,Q71,1.3333333333333333
Q81,Q80,58.4
Q81,Q82,8.2
Q82,1215,1.0
Q82,1321,1.5
Q82,A88,1.0
Q82,PA590,1.0
Q82,Q196B,5.0
Q82,Q56,1.0
Q82,Q68,1.0
Q82,Q80,7.6
Q88,Q16,1.0
Q88,Q624,1.5
Q88,Q68,3.0
Q88,Q80,3.0
Q88,Q81,2.5
Q88,Q82,1.0
Q94,1023,1.0
Q94,1215,2.0
Q94,1940,7.0
Q94,2108,4.25
Q94,2253,1.6666666666666667
Q94,2706,2.0
Q94,Q104,12.0
Q94,Q16,1.0
Q94,Q196,12.0
Q94,Q196B,15.0
Q94,Q197,18.0
Q94,Q22,1.0
Q94,Q56,4.0
Q94,Q624,15.75
Q94,Q68,5.25
Q94,Q69,2.0
Q94,Q71,5.5
Q94,Q80,42.0
Q94,Q81,42.25
Q94,Q82,6.0
Q94,Q88,3.0
TCI11,1359,8.2
TCI11,1611,1.5
TCI11,TCI20,11.0
TCI11,TCI21,1.0
TCI11,TCI22,1.25
TCI11,TCI29,6.0
TCI13,1030,1.0
TCI13,1151,2.0
TCI13,1266,1.0
TCI13,1611,2.5
TCI13,2247,1.0
TCI13,2414,1.0
TCI13,MI2,1.0
TCI13,TCI11,1.0
TCI13,TCI21,1.5
TCI13,TCI22,3.5
TCI13,TCI29,2.0
TCI20,1359,12.0
TCI21,1025,1.0
TCI21,2414,1.0
TCI22,1359,1.5
TCI22,TCI20,1.0
TCI22,TCI21,1.0
TCI22,TCI29,1.0
TCI22,TIM10,1.0
TCI22,TIM11,1.0
TCI22,TIM12,1.0
TCI22,TIM14,1.0
TCI24,1025,1.0
TCI24,1027,1.0
TCI24,1030,1.0
TCI24,1031,1.0
TCI24,1151,1.0
TCI24,1152,1.0
TCI24,1153,1.75
TCI24,1321,1.0
TCI24,1359,1.0
TCI24,1418,2.5
TCI24,1419,2.0
TCI24,1420,1.0
TCI24,1421,2.0
TCI24,1464,6.0
TCI24,1465,12.0
TCI24,1522,5.25
TCI24,1524,2.0
TCI24,1527,4.75
TCI24,1611,6.2
TCI24,1620,1.0
TCI24,1871,1.0
TCI24,2112,1.0
TCI24,2247,1.0
TCI24,2412,1.0
TCI24,2414,2.0
TCI24,TCI11,1.0
TCI24,TCI13,6.75
TCI24,TCI21,2.0
TCI24,TCI22,2.6666666666666665
TCI24,TCI29,2.5
TCI29,1359,6.2
TCI29,TCI20,6.0
TI01,1321,1.0
TI01,1373,1.0
TI01,TI11,1.75
TI02,1025,1.0
TI02,1321,1.0
TI02,1324,1.0
TI02,1620,1.0
TI02,TI01,2.5
TI02,TI11,2.6666666666666665
TI02,TI12,2.3333333333333335
TI02,TI21,1.0
TI03,1026,1.0
TI03,MI2,1.0
TI03,TI01,2.3333333333333335
TI03,TI02,2.25
TI03,TI11,1.0
TI03,TI12,2.0
TI03,TI21,1.25
TI03,TI24,2.0
TI03,TI25,2.5
TI03,TI29,2.0
TI04,1026,1.0
TI04,TI01,3.0
TI04,TI02,2.75
TI04,TI03,2.0
TI04,TI11,1.25
TI04,TI12,1.0
TI04,TI21,1.0
TI04,TI24,1.0
TI04,TI25,1.0
TI04,TI27,1.0
TI04,TI29,1.0
TI04,TI43,2.0
TI05,1026,1.0
TI05,1321,1.0
TI05,TI01,3.75
TI05,TI02,2.5
TI05,TI03,1.75
TI05,TI04,2.0
TI05,TI11,2.0
TI05,TI12,1.0
TI05,TI14,1.3333333333333333
TI05,TI15,1.0
TI05,TI43,1.0
TI12,TI11,6.75
TI12,TI29,1.0
TI13,TI01,1.3333333333333333
TI13,TI02,1.3333333333333333
TI13,TI03,1.5
TI13,TI04,1.0
TI13,TI11,6.0
TI13,TI12,6.5
TI13,TI14,7.0
TI13,TI15,3.8
TI14,1025,1.0
TI14,1026,1.0
TI14,1151,1.0
TI14,1324,1.0
TI14,1373,1.0
TI14,1620,1.0
TI14,TI01,2.0
TI14,TI02,1.5
TI14,TI03,1.3333333333333333
TI14,TI04,2.3333333333333335
TI14,TI11,7.4
TI14,TI12,4.5
TI14,TI21,1.3333333333333333
TI14,TI22,1.3333333333333333
TI14,TI25,1.0
TI14,TI29,1.0
TI14,TI42,1.5
TI14,TI43,1.0
TI15,1025,1.0
TI15,1026,1.0
TI15,1027,1.0
TI15,1151,1.0
TI15,1324,1.0
TI15,1373,1.0
TI15,1620,1.0
TI15,TI01,1.3333333333333333
TI15,TI02,2.0
TI15,TI03,2.6666666666666665
TI15,TI04,2.25
TI15,TI11,6.6
TI15,TI12,4.5
TI15,TI14,7.6
TI15,TI21,2.0
TI15,TI22,3.0
TI15,TI23,1.0
TI15,TI24,1.0
TI15,TI25,1.5
TI15,TI26,1.0
TI15,TI27,2.0
TI15,TI29,3.0
TI15,TI42,1.0
TI15,TI43,1.0
TI21,TI24,5.333333333333333
TI21,TI25,3.2
TI21,TI27,3.0
TI21,TI29,1.4
TI22,TI02,1.0
TI22,TI03,3.0
TI22,TI04,1.0
TI22,TI21,2.8
TI22,TI23,4.333333333333333
TI22,TI24,2.75
TI22,TI25,6.2
TI22,TI27,2.8
TI22,TI29,3.4
TI22,TI42,6.5
TI22,TI43,5.2
TI23,TI21,2.3333333333333335
TI23,TI24,3.0
TI23,TI25,4.333333333333333
TI23,TI26,3.0
TI23,TI27,1.5
TI23,TI29,1.6666666666666667
TI23,TI43,4.333333333333333
TI25,TI24,9.25
TI25,TI26,6.0
TI25,TI29,5.0
TI27,TI24,1.0
TI27,TI25,2.25
TI27,TI26,1.0
TI27,TI29,1.25
TI29,TI24,2.5
TI29,TI26,2.0
TI42,TI03,1.5
TI42,TI04,1.0
TI42,TI21,2.0
TI42,TI25,1.0
TI42,TI27,1.0
TI42,TI29,1.0
TI42,TI43,2.0
TI43,TI01,1.0
TI43,TI03,2.3333333333333335
TI43,TI21,4.25
TI43,TI24,9.5
TI43,TI25,8.6
TI43,TI26,1.0
TI43,TI27,2.25
TI43,TI29,5.25
TI45,1030,1.0
TI45,TI12,4.0
TI45,TI14,1.0
TI45,TI22,9.0
TI45,TI25,1.0
TI45,TI29,1.0
TI45,TI42,11.0
TI45,TI43,3.0
TIM10,1266,1.0
TIM10,TIM11,29.6
TIM10,TIM12,27.4
TIM10,TIM13,24.8
TIM10,TIM14,26.75
TIM10,TIM41,2.0
TIM11,1266,1.0
TIM11,TIM12,29.4
TIM11,TIM13,24.4
TIM11,TIM14,25.5
TIM11,TIM41,1.0
TIM12,1220,3.0
TIM12,1266,1.0
TIM12,TIM13,25.0
TIM12,TIM14,26.25
TIM12,TIM41,1.0
TIM13,1266,1.0
TIM13,TIM14,24.5
TIM13,TIM41,1.0
TIM14,1220,3.0
TIM14,1266,1.0
TIM14,TIM41,2.0
TIM20,1220,1.0
TIM20,1266,1.0
TIM20,TIM10,17.6
TIM20,TIM11,18.0
TIM20,TIM12,17.6
TIM20,TIM13,18.0
TIM20,TIM14,17.0
TIM21,TIM10,1.0
TIM21,TIM11,1.0
TIM21,TIM51,8.0
TIM22,TIM10,3.25
TIM22,TIM11,2.2
TIM22,TIM12,2.75
TIM22,TIM13,1.5
TIM22,TIM14,3.6666666666666665
TIM22,TIM41,2.0
TIM22,TIM51,3.0
TIM22,TIM54,1.0
TIM30,1030,1.0
TIM30,1031,1.0
TIM30,TIM11,1.0
TIM30,TIM21,7.0
TIM30,TIM22,6.0
TIM30,TIM31,2.5
TIM30,TIM51,4.5
TIM30,TIM80,1.0
TIM30,TIM81,3.0
TIM31,1140,1.0
TIM31,TIM10,2.0
TIM31,TIM11,2.6666666666666665
TIM31,TIM12,1.3333333333333333
TIM31,TIM13,3.0
TIM31,TIM14,3.0
TIM31,TIM22,18.0
TIM31,TIM41,2.25
TIM31,TIM42,1.75
TIM31,TIM47,2.0
TIM31,TIM50,1.6666666666666667
TIM31,TIM71,1.0
TIM31,TIM72,1.0
TIM31,TIM81,6.75
TIM42,1373,1.0
TIM42,TIM10,2.0
TIM42,TIM11,1.0
TIM42,TIM12,1.0
TIM42,TIM13,1.5
TIM42,TIM14,1.0
TIM42,TIM22,2.0
TIM42,TIM41,13.2
TIM42,TIM54,1.3333333333333333
TIM42,TIM80,2.6666666666666665
TIM47,1025,1.0
TIM47,TIM13,1.0
TIM47,TIM41,8.0
TIM47,TIM42,7.333333333333333
TIM47,TIM71,4.333333333333333
TIM47,TIM80,1.0
TIM50,1220,1.0
TIM50,1266,1.0
TIM50,TCI22,1.0
TIM50,TIM10,22.8
TIM50,TIM11,21.6
TIM50,TIM12,21.6
TIM50,TIM13,22.8
TIM50,TIM14,21.0
TIM50,TIM20,26.0
TIM50,TIM22,2.75
TIM50,TIM41,1.0
TIM50,TIM42,1.0
TIM50,TIM71,1.0
TIM51,TIM10,1.0
TIM51,TIM11,1.0
TIM52,1140,2.0
TIM52,1152,1.0
TIM52,TIM10,2.0
TIM52,TIM11,2.6666666666666665
TIM52,TIM12,1.75
TIM52,TIM13,1.3333333333333333
TIM52,TIM14,1.5
TIM52,TIM22,15.4
TIM52,TIM30,1.0
TIM52,TIM31,15.4
TIM52,TIM41,2.0
TIM52,TIM42,1.6
TIM52,TIM47,1.5
TIM52,TIM54,1.0
TIM52,TIM55,12.5
TIM52,TIM56,1.75
TIM52,TIM61,3.25
TIM52,TIM71,2.25
TIM52,TIM72,2.0
TIM52,TIM75,2.0
TIM52,TIM80,1.0
TIM52,TIM81,4.4
TIM54,TIM10,1.0
TIM54,TIM11,1.0
TIM54,TIM41,2.3333333333333335
TIM54,TIM80,1.0
TIM55,1122,1.0
TIM55,1610,1.0
TIM55,1824,1.0
TIM55,1850,1.0
TIM55,TIM10,2.0
TIM55,TIM11,1.0
TIM55,TIM12,1.0
TIM55,TIM13,2.5
TIM55,TIM14,3.0
TIM55,TIM21,2.0
TIM55,TIM22,12.25
TIM55,TIM30,1.0
TIM55,TIM31,10.75
TIM55,TIM41,2.0
TIM55,TIM42,2.5
TIM55,TIM47,1.0
TIM55,TIM50,2.0
TIM55,TIM51,3.5
TIM55,TIM54,1.0
TIM55,TIM71,1.5
TIM55,TIM72,1.75
TIM55,TIM81,4.75
TIM56,TIM10,1.0
TIM56,TIM11,1.0
TIM56,TIM12,1.0
TIM56,TIM13,1.0
TIM56,TIM22,1.0
TIM56,TIM31,1.0
TIM56,TIM41,1.0
TIM56,TIM42,1.0
TIM56,TIM47,1.0
TIM56,TIM72,1.0
TIM56,TIM80,1.0
TIM56,TIM81,1.0
TIM61,1025,1.0
TIM61,1030,1.0
TIM61,1031,1.0
TIM61,TIM10,2.0
TIM61,TIM11,2.0
TIM61,TIM12,1.5
TIM61,TIM13,1.0
TIM61,TIM14,1.0
TIM61,TIM21,1.0
TIM61,TIM31,2.0
TIM61,TIM41,3.8
TIM61,TIM42,3.4
TIM61,TIM47,5.0
TIM61,TIM50,1.0
TIM61,TIM51,1.0
TIM61,TIM54,1.0
TIM61,TIM55,2.0
TIM61,TIM56,1.0
TIM61,TIM71,3.75
TIM61,TIM72,3.6
TIM61,TIM75,1.0
TIM61,TIM80,1.0
TIM61,TIM81,1.0
TIM71,TIM10,1.0
TIM71,TIM11,1.0
TIM71,TIM13,1.0
TIM71,TIM14,1.0
TIM71,TIM22,2.0
TIM71,TIM41,8.6
TIM71,TIM42,6.4
TIM71,TIM54,2.5
TIM71,TIM80,3.0
TIM72,1140,1.0
TIM72,1650,1.0
TIM72,2002,1.0
TIM72,TIM10,1.3333333333333333
TIM72,TIM11,1.0
TIM72,TIM12,1.0
TIM72,TIM13,2.0
TIM72,TIM14,1.0
TIM72,TIM22,2.0
TIM72,TIM41,9.8
TIM72,TIM42,7.6
TIM72,TIM47,4.666666666666667
TIM72,TIM50,1.0
TIM72,TIM54,1.75
TIM72,TIM71,10.6
TIM72,TIM80,2.3333333333333335
TIM75,TIM41,2.0
TIM75,TIM42,1.0
TIM75,TIM47,1.0
TIM75,TIM54,2.0
TIM75,TIM71,2.0
TIM75,TIM72,2.0
TIM80,TIM10,1.0
TIM80,TIM11,1.0
TIM80,TIM12,1.0
TIM80,TIM41,2.5
TIM81,TIM10,2.0
TIM81,TIM11,1.8
TIM81,TIM12,1.6
TIM81,TIM13,1.5
TIM81,TIM14,1.5
TIM81,TIM20,4.25
TIM81,TIM21,4.0
TIM81,TIM22,6.8
TIM81,TIM41,1.0
TIM81,TIM42,1.0
TIM81,TIM50,2.25
TIM81,TIM51,4.5
TIM81,TIM54,1.0
TIM81,TIM71,1.5
TIM81,TIM72,2.0
