uc,uc_requerida
1011,2415
1011,1042
1011,1065
1011,1046
1012,CP1
1012,CP2
1012,CP4
1012,CP1
1012,CP6
1012,CP2
1012,1023P
1012,1023
1012,1026
1012,CP1
1012,CP2
1012,CP4
1012,CP1
1012,CP6
1012,CP2
1012,1021
1012,MAT33
1012,MA09
1012,M9
1012,1031P
1012,CP2
1012,CP23
1012,1031
1012,1058
1012,CP29
1012,1323
1013,CP4
1013,1027
1013,1010
1013,1027
1013,1023
1013,1013
1020,CP1
1020,CP22
1020,CP44
1020,107L
1020,1070
1020,170Q
1020,1052
1020,CAL10
1020,CAL12
1020,MAT14
1020,MAT33
1020,MA25
1020,MA47
1020,MA51
1020,MC13
1020,M12
1020,M13
1020,M14
1020,1020R
1020,CP1
1020,CP22
1020,CP44
1020,1061
1020,107L
1020,1070
1020,170Q
1020,1052
1020,CAL10
1020,CAL12
1020,MAT14
1020,MAT33
1020,MA25
1020,MA47
1020,MA51
1020,MC13
1020,M12
1020,M13
1020,M14
1020,1020R
1020,1020P
1020,1061P
1022,CP1
1022,CP22
1022,CP45
1022,1072
1022,MAT33
1022,MA16
1022,MA25
1022,MA9
1022,1061
1022,1020
1022,107L
1022,1070
1022,170Q
1022,1052
1022,CAL10
1022,CAL12
1022,M13
1022,M14
1022,CP1
1022,CP22
1022,CP45
1022,1062
1022,MAT33
1022,MA16
1022,MA25
1022,MA9
1022,1062P
1022,1061
1022,1020
1022,107L
1022,1070
1022,170Q
1022,1052
1022,CAL10
1022,1020P
1022,1061P
1023,MA15
1023,MA29
1023,M24
1023,CP1
1023,CP2
1023,CP4
1023,CP1
1023,CP6
1023,CP2
1023,CP1
1023,CP6
1023,CP2
1023,MA15
1023,MA29
1023,M24
1023,CP1
1023,CP2
1023,CP4
1024,CP6
1024,CP25
1024,MA16
1024,CP1
1024,CP22
1024,1062
1024,1022
1024,1072
1024,172Q
1024,MA47
1024,CP1
1024,CP22
1024,1061
1024,1020
1024,107L
1024,1070
1024,170Q
1024,1052
1024,CAL10
1024,MA47
1024,M13
1024,1021
1024,CM14
1024,M9
1024,CP2
1024,CP23
1024,1030
1024,1071
1024,171L
1024,171Q
1024,1053
1024,CP6
1024,CP25
1024,1063
1024,176Q
1024,MA16
1024,1063P
1024,CP1
1024,CP22
1024,1061
1024,1020
1024,107L
1024,1070
1024,170Q
1024,1052
1024,CAL10
1024,MAT33
1024,MA47
1024,M13
1024,M14
1024,1020P
1024,1061P
1024,CP1
1024,CP22
1024,1062
1024,1022
1024,1072
1024,172Q
1024,MAT33
1024,MA47
1024,1062P
1024,1021
1024,CM14
1024,MAT33
1024,M9
1024,1030P
1024,CP2
1024,CP23
1024,1030
1024,1071
1024,171L
1024,171Q
1024,1053
1024,1024
1025,CP6
1025,CP25
1025,CP49
1025,MA20
1025,MA29
1025,1025P
1025,1025T
1025,CP1
1025,CP22
1025,1062
1025,1022
1025,1072
1025,172Q
1025,MAT33
1025,MA47
1025,1062P
1025,CP1
1025,CP22
1025,1061
1025,1020
1025,107L
1025,1070
1025,170Q
1025,1052
1025,CAL10
1025,MAT33
1025,MA47
1025,M13
1025,M14
1025,1020P
1025,1061P
1025,1021
1025,CM14
1025,MAT33
1025,M9
1025,1030P
1025,CP2
1025,CP23
1025,1030
1025,1071
1025,171L
1025,171Q
1025,1053
1025,GAL1P
1025,CP6
1025,CP25
1025,CP49
1025,MA20
1025,MA29
1025,1025P
1025,1021
1025,CM14
1025,MAT33
1025,M9
1025,1030P
1025,CP2
1025,CP23
1025,1030
1025,1071
1025,171L
1025,171Q
1025,1053
1025,GAL1P
1025,CP1
1025,CP22
1025,1062
1025,1022
1025,1072
1025,172Q
1025,MAT33
1025,MA47
1025,1062P
1025,CP1
1025,CP22
1025,1061
1025,1020
1025,107L
1025,1070
1025,170Q
1025,1052
1025,CAL10
1025,MAT33
1025,MA47
1025,M13
1025,M14
1025,1020P
1025,1061P
1025,1025
1026,MA15
1026,M24
1026,M5
1026,CP1
1026,CP2
1026,CP4
1026,CP1
1026,CP6
1026,CP2
1026,1021
1026,MAT33
1026,M9
1026,1030P
1026,CP2
1026,CP23
1026,1030
1026,1071
1026,1053
1026,GAL1P
1026,MA29
1026,1023P
1026,1023
1026,CP1
1026,CP6
1026,CP2
1026,CP1
1026,CP2
1026,CP4
1026,MA15
1026,M24
1026,M5
1026,1023P
1026,1023
1026,1021
1026,CM14
1026,MAT33
1026,M9
1026,1030P
1026,CP2
1026,1030
1026,1071
1026,171L
1026,171Q
1026,1053
1026,GAL1P
1026,1026
1027,1013
1027,MA20
1027,MA29
1027,CP4
1027,1013
1027,1010
1027,1023P
1027,1023
1027,SRN14
1027,1027
1028,CP6
1028,CP25
1028,CP48
1028,MA16
1028,1074
1028,1021
1028,M9
1028,CP2
1028,CP23
1028,1031
1028,1058
1028,158Q
1028,CP1
1028,CP22
1028,1062
1028,1022
1028,1072
1028,172Q
1028,MA47
1028,1021
1028,CM14
1028,M9
1028,CP2
1028,CP23
1028,1030
1028,1071
1028,171L
1028,171Q
1028,1053
1028,CP1
1028,CP22
1028,1061
1028,1020
1028,107L
1028,1070
1028,170Q
1028,1052
1028,CAL10
1028,MA47
1028,M13
1028,CP6
1028,CP25
1028,CP48
1028,1028M
1028,1028P
1028,1074
1028,1064
1028,1021
1028,MAT33
1028,M9
1028,1031P
1028,CP2
1028,CP23
1028,1031
1028,1058
1028,158Q
1028,CP1
1028,CP22
1028,1062
1028,1022
1028,1072
1028,172Q
1028,MAT33
1028,MA47
1028,1062P
1028,CP1
1028,CP22
1028,1061
1028,1020
1028,107L
1028,1070
1028,170Q
1028,1052
1028,CAL10
1028,MAT33
1028,MA47
1028,M13
1028,M14
1028,1020P
1028,1061P
1028,1021
1028,CM14
1028,MAT33
1028,M9
1028,1030P
1028,CP2
1028,CP23
1028,1030
1028,1071
1028,171L
1028,171Q
1028,1053
1028,1028
1030,CM14
1030,GAL7
1030,MAT33
1030,MA51
1030,MA7
1030,MC3
1030,M24
1030,M9
1030,1030P
1030,CP2
1030,CP23
1030,CP46
1030,1071
1030,171L
1030,171Q
1030,1053
1030,GAL1P
1030,GAL1P
1030,GAL1P
1030,CM14
1030,GAL7
1030,MAT33
1030,MA51
1030,MA7
1030,MC3
1030,M24
1030,M9
1030,1030P
1030,CP2
1030,CP23
1030,CP46
1030,1071
1030,171L
1030,171Q
1030,1053
1030,GAL1P
1031,MA09
1031,MA10
1031,MA5
1031,M9
1031,1031P
1031,CP2
1031,CP23
1031,CP47
1031,1058
1031,158Q
1031,CM14
1031,MAT33
1031,M9
1031,1030P
1031,1030
1031,1071
1031,171L
1031,171Q
1031,1053
1031,GAL1P
1031,MA09
1031,MA10
1031,MA5
1031,M9
1031,1031P
1031,CP2
1031,CP23
1031,CP47
1031,1058
1031,158Q
1031,1021
1031,CM14
1031,MAT33
1031,1030P
1031,CP2
1031,1030
1031,1071
1031,171L
1031,171Q
1031,1053
1031,GAL1P
1033,CP16
1033,1079
1033,CP1
1033,CP22
1033,1062
1033,1022
1033,1072
1033,MAT33
1033,1062P
1033,CP52
1033,CP24
1033,1322P
1033,CP36
1033,CP9
1033,IN35
1033,1320
1033,1322
1033,1373
1033,CP10
1033,1021
1033,MAT33
1033,M9
1033,1031P
1033,CP2
1033,CP23
1033,1031
1033,1058
1033,158Q
1033,1021
1033,CM14
1033,MAT33
1033,M9
1033,1030P
1033,CP2
1033,CP23
1033,1030
1033,1071
1033,171Q
1033,1053
1033,GAL1P
1033,CP1
1033,CP22
1033,1061
1033,1020
1033,1070
1033,1052
1033,CAL10
1033,MAT33
1033,1020P
1033,1061P
1033,1033
1042,1046
1042,1061
1042,1062
1042,1020
1042,1070
1042,1052
1042,1022
1042,1072
1042,CAL10
1042,1020P
1042,1061P
1042,1062P
1042,CP1
1042,CP22
1042,MAT33
1042,CM14
1042,1030P
1042,1031P
1042,1030
1042,1071
1042,171Q
1042,1053
1042,GAL1P
1042,1031
1042,1058
1042,158Q
1042,1021
1042,MAT33
1042,M9
1042,CP2
1042,CP23
1042,1023P
1042,1023
1042,1026
1042,CP1
1042,CP2
1042,CP4
1042,CP1
1042,CP6
1042,CP2
1042,CP29
1042,1323
1042,CP6
1042,CP25
1042,1025P
1042,1025
1042,1075
1052,CP1
1052,CP22
1052,CP44
1052,1061
1052,1020
1052,107L
1052,1070
1052,170Q
1052,1052
1052,CAL10
1052,CAL12
1052,MAT14
1052,MAT33
1052,MA11
1052,MA25
1052,MA47
1052,MA51
1052,MC13
1052,M12
1052,M13
1052,1020R
1052,CP1
1052,CP22
1052,CP44
1052,1061
1052,1020
1052,107L
1052,1070
1052,170Q
1052,CAL10
1052,CAL12
1052,MAT14
1052,MAT33
1052,MA25
1052,MA47
1052,MA51
1052,MC13
1052,M12
1052,M13
1052,1020R
1052,1020P
1052,1061P
1053,CM14
1053,GAL7
1053,MAT33
1053,MA51
1053,MA7
1053,MC3
1053,M24
1053,M9
1053,CP2
1053,CP23
1053,CP46
1053,1030
1053,1071
1053,171L
1053,171Q
1053,CM14
1053,GAL7
1053,MAT33
1053,MA51
1053,MA7
1053,MC3
1053,M24
1053,M9
1053,1030P
1053,CP2
1053,CP23
1053,CP46
1053,1030
1053,1071
1053,171L
1053,171Q
1057,CP6
1057,CP25
1057,1025P
1057,1025
1057,1075
1057,1610P
1057,1610
1057,1650
1057,CP27
1059,CP1
1059,CP2
1059,CP4
1059,1023P
1059,1023
1059,CP1
1059,CP6
1059,CP2
1059,CP9
1059,1320
1059,1322
1059,CP10
1059,1021
1059,MAT33
1059,M9
1059,1030P
1059,CP2
1059,CP23
1059,1030
1059,1071
1059,1053
1059,GAL1P
1059,CP1
1059,1061
1059,1020
1059,107L
1059,1070
1059,170Q
1059,1052
1059,CAL10
1059,MAT33
1059,1020P
1059,1061P
1061,CP1
1061,CP22
1061,CP44
1061,1061R
1061,1020
1061,107L
1061,1070
1061,170Q
1061,1052
1061,CAL10
1061,CAL12
1061,MAT14
1061,MAT33
1061,MA25
1061,MA47
1061,MA51
1061,MC13
1061,M12
1061,M13
1061,M14
1061,1020R
1061,1020P
1061,1061P
1061,MI2
1061,MI2
1061,MI2
1061,CP1
1061,CP22
1061,CP44
1061,1061R
1061,1020
1061,107L
1061,1070
1061,170Q
1061,1052
1061,CAL10
1061,CAL12
1061,MAT14
1061,MAT33
1061,MA25
1061,MA47
1061,MA51
1061,MC13
1061,M12
1061,M13
1061,M14
1061,1020R
1061,1061P
1061,MI2
1062,CP1
1062,CP22
1062,CP45
1062,1022
1062,1072
1062,MAT33
1062,MA16
1062,MA25
1062,MA9
1062,1062P
1062,1061
1062,1020
1062,107L
1062,1070
1062,170Q
1062,1052
1062,CAL10
1062,CAL12
1062,M13
1062,M14
1062,1020P
1062,1061P
1062,CP1
1062,CP22
1062,CP45
1062,1022
1062,MAT33
1062,MA16
1062,MA25
1062,MA9
1062,1062P
1062,1061
1062,1020
1062,107L
1062,1070
1062,170Q
1062,1052
1062,CAL10
1062,1020P
1062,1061P
1063,CP6
1063,CP25
1063,1024
1063,MA16
1063,1063P
1063,1024P
1063,CP1
1063,CP22
1063,1061
1063,1020
1063,107L
1063,1070
1063,170Q
1063,1052
1063,CAL10
1063,MAT33
1063,MA47
1063,M13
1063,1020P
1063,1061P
1063,CP1
1063,CP22
1063,1062
1063,1022
1063,1072
1063,172Q
1063,MAT33
1063,MA47
1063,1062P
1063,1021
1063,CM14
1063,MAT33
1063,M9
1063,1030P
1063,CP2
1063,CP23
1063,1030
1063,1071
1063,171L
1063,171Q
1063,1053
1063,CP6
1063,CP25
1063,1024
1063,176Q
1063,MA16
1063,1063P
1063,1024P
1063,CP1
1063,CP22
1063,1062
1063,1022
1063,1072
1063,172Q
1063,MAT33
1063,MA47
1063,1062P
1063,1021
1063,CM14
1063,MAT33
1063,M9
1063,1030P
1063,CP2
1063,CP23
1063,1030
1063,1071
1063,171L
1063,171Q
1063,1053
1063,GAL1P
1063,CP1
1063,CP22
1063,1061
1063,1020
1063,107L
1063,1070
1063,170Q
1063,1052
1063,CAL10
1063,MAT33
1063,MA47
1063,M13
1063,M14
1063,1020P
1063,1061P
1063,1063
1064,CP6
1064,CP25
1064,CP48
1064,MA16
1064,1028P
1064,1028
1064,1074
1064,1021
1064,CM14
1064,MAT33
1064,M9
1064,1030P
1064,CP2
1064,CP23
1064,1030
1064,1071
1064,171L
1064,171Q
1064,1053
1064,GAL1P
1064,CP1
1064,CP22
1064,1062
1064,1022
1064,1072
1064,172Q
1064,MAT33
1064,MA47
1064,1062P
1064,CP1
1064,CP22
1064,1061
1064,1020
1064,107L
1064,1070
1064,170Q
1064,1052
1064,CAL10
1064,MAT33
1064,MA47
1064,M13
1064,1020P
1064,1061P
1064,1021
1064,MAT33
1064,M9
1064,1031P
1064,CP2
1064,CP23
1064,1031
1064,1058
1064,158Q
1064,CP6
1064,CP25
1064,CP48
1064,1028M
1064,1028P
1064,1028
1064,1074
1064,CP1
1064,CP22
1064,1061
1064,1020
1064,107L
1064,1070
1064,170Q
1064,1052
1064,CAL10
1064,MAT33
1064,MA47
1064,M13
1064,M14
1064,1020P
1064,1061P
1064,1021
1064,CM14
1064,MAT33
1064,M9
1064,1030P
1064,CP2
1064,CP23
1064,1030
1064,1071
1064,171L
1064,171Q
1064,1053
1064,GAL1P
1064,1021
1064,MAT33
1064,M9
1064,1031P
1064,CP2
1064,CP23
1064,1031
1064,1058
1064,158Q
1064,1064
1064,CP1
1064,CP22
1064,1062
1064,1022
1064,1072
1064,172Q
1064,MAT33
1064,MA47
1064,1062P
1065,1042
1065,1046
1065,CP1
1065,CP2
1065,CP4
1065,1023P
1065,1023
1065,1026
1065,CP1
1065,CP6
1065,CP2
1065,CP1
1065,CP22
1065,MAT33
1065,1061
1065,1062
1065,1020
1065,1070
1065,1052
1065,1022
1065,1072
1065,CAL10
1065,1020P
1065,1061P
1065,1062P
1065,CM14
1065,1030P
1065,1030
1065,1071
1065,171Q
1065,1053
1065,GAL1P
1065,1021
1065,MAT33
1065,M9
1065,CP2
1065,CP23
1065,CP29
1065,1323
1065,CP6
1065,CP25
1065,1025P
1065,1025
1065,1075
1066,CP7
1066,CP25
1066,1036R
1066,1036
1066,CP6
1066,1063
1066,1024
1066,1076
1066,1063P
1066,1024P
1066,CP1
1066,CP22
1066,1062
1066,1022
1066,1072
1066,MAT33
1066,1062P
1066,CP7
1066,CP25
1066,1036R
1066,1036
1066,CP6
1066,1063
1066,1024
1066,1076
1066,1063P
1066,1024P
1066,CP1
1066,CP22
1066,1062
1066,1022
1066,1072
1066,MAT33
1066,1062P
1131,FIS8
1131,FF12
1131,FG2
1131,F8
1131,1153P
1131,CP13
1131,1121
1131,1172
1131,CP43
1131,1153
1131,FIS8
1131,1131
1131,FF12
1131,FG2
1131,F8
1131,1153P
1131,CP13
1131,1121
1131,1172
1131,CP43
1131,1153
1145,CP1
1145,CP22
1145,1062
1145,1022
1145,1072
1145,MAT33
1145,1062P
1145,1021
1145,MAT33
1145,MA09
1145,M9
1145,1031P
1145,CP2
1145,CP23
1145,1031
1145,CP52
1145,CP24
1145,CP144
1145,1408
1145,1411
1145,CP9
1145,1320
1145,1322
1145,CP10
1151,FF12
1151,FG
1151,FIS13
1151,FIS14
1151,FI10
1151,FI13
1151,F1Y3
1151,F10
1151,F30
1151,1120P
1151,1151P
1151,1120
1151,117Q
1151,1170
1151,CP41
1151,1171
1151,CP26
1151,CP3
1151,CP17
1151,FF12
1151,FG
1151,FIS13
1151,FIS14
1151,FI10
1151,FI13
1151,F1Y3
1151,F10
1151,F30
1151,1120P
1151,1151P
1151,1120
1151,117Q
1151,1170
1151,CP41
1151,1171
1151,CP26
1151,CP3
1151,CP17
1152,FI10
1152,1152P
1152,FF12
1152,FG
1152,F10
1152,1120P
1152,1151P
1152,1120
1152,1170
1152,CP41
1152,1151
1152,CP26
1152,CP3
1152,CP17
1152,CP1
1152,1061
1152,1020
1152,1070
1152,1052
1152,CAL10
1152,CAL12
1152,MAT33
1152,M1020
1152,1020P
1152,1061P
1152,FI10
1152,1152P
1152,CP1
1152,1061
1152,1020
1152,1070
1152,1052
1152,CAL10
1152,CAL12
1152,MAT33
1152,M1020
1152,1020P
1152,1061P
1152,FF12
1152,FG
1152,F10
1152,1120P
1152,1151P
1152,1120
1152,1170
1152,CP41
1152,1151
1152,CP26
1152,CP3
1152,CP17
1153,FF12
1153,FG2
1153,FIS14
1153,F7
1153,F8
1153,1153P
1153,CP13
1153,1121
1153,1172
1153,CP43
1153,1173
1153,FG
1153,F10
1153,1120P
1153,1151P
1153,1120
1153,1170
1153,1151
1153,1171
1153,CP26
1153,CP3
1153,CP17
1153,1152P
1153,1151
1153,1152
1153,CP1
1153,1061
1153,1020
1153,1070
1153,1052
1153,CAL10
1153,CAL12
1153,MAT33
1153,M1020
1153,1020P
1153,1061P
1153,FF12
1153,FG2
1153,FIS14
1153,F7
1153,F8
1153,1153P
1153,CP13
1153,1121
1153,1172
1153,CP43
1153,1173
1153,CP1
1153,CP22
1153,1061
1153,1020
1153,107L
1153,1070
1153,170Q
1153,1052
1153,CAL10
1153,MAT33
1153,1020P
1153,1061P
1153,FG
1153,F10
1153,1120P
1153,1151P
1153,1120
1153,1151
1153,1171
1153,CP26
1153,CP3
1153,CP17
1223,CH8
1224,1224P
1224,1221
1224,CP20
1224,1224P
1224,1221
1224,CP20
1225,CH8
1233,CP1
1233,CP22
1233,1062
1233,1022
1233,1072
1233,MAT33
1233,1062P
1233,1021
1233,CM14
1233,MAT33
1233,M9
1233,1031P
1233,CP2
1233,R101
1233,CP23
1233,1031
1233,1058
1233,158Q
1233,CP1
1233,R100
1233,CP22
1233,1061
1233,1020
1233,1070
1233,1052
1233,CAL10
1233,MAT33
1233,1020P
1233,1061P
1233,1021
1233,CM14
1233,MAT33
1233,M9
1233,1030P
1233,CP2
1233,R101
1233,CP23
1233,1030
1233,1071
1233,171Q
1233,1053
1304,AI28
1304,A28
1304,BT28
1304,1315
1304,1316
1304,1736
1304,1749
1316,1315
1316,1324
1316,CP71
1316,CP30
1316,1030P
1316,1031P
1316,1030
1316,1053
1316,GAL1P
1316,1031
1316,1021
1316,MAT33
1316,M9
1316,CP2
1316,CP29
1316,1323
1321,PR27
1321,1321P
1321,CP37
1321,CP15
1321,CP52
1321,CP24
1321,1322P
1321,CP9
1321,1320
1321,1322
1321,1322T
1321,1373
1321,SRN17
1321,CP10
1321,1321
1322,CP52
1322,CP24
1322,PR27
1322,PR4
1322,CP36
1322,CP9
1322,CP38
1322,CP10
1322,PR4
1322,1322
1323,CP29
1323,CP1
1323,CP2
1323,CP6
1323,CP4
1323,1023P
1323,1023
1323,SRN14
1323,CP52
1323,CP24
1323,1322P
1323,CP36
1323,CP9
1323,1320
1323,1322
1323,1322T
1323,1373
1323,SRN17
1323,CP10
1323,1321P
1323,CP37
1323,CP15
1323,1321
1323,1023P
1323,1023
1323,1321P
1323,1321
1323,1322P
1323,1322
1323,1322T
1323,1373
1323,SRN17
1323,1323
1324,PR7
1324,1324P
1324,CP30
1324,1021
1324,MAT33
1324,M9
1324,1030P
1324,CP2
1324,CP23
1324,1030
1324,1071
1324,1053
1324,GAL1P
1324,CP1
1324,1061
1324,1020
1324,1070
1324,1052
1324,CAL10
1324,MAT33
1324,1020P
1324,1061P
1324,1023P
1324,CP4
1324,1023
1324,1321P
1324,CP15
1324,1321
1324,1324
1325,CP33
1325,MA29
1325,CP4
1325,1023P
1325,1010
1325,1023
1325,1023P
1325,1013
1325,1023
1325,1023P
1325,1027
1325,1023
1325,CP29
1325,1323
1325,CP1
1325,1061
1325,1020
1325,1070
1325,1052
1325,MAT33
1325,1020P
1325,1061P
1325,1021
1325,MAT33
1325,M9
1325,1030P
1325,CP2
1325,CP23
1325,1030
1325,1071
1325,1053
1325,GAL1P
1325,1325
1327,TP25
1327,CP30
1327,1324
1327,CP29
1327,1323
1327,1324
1328,PR7
1328,1328P
1328,1023
1328,CP1
1328,CP2
1328,CP4
1328,CP1
1328,CP6
1328,CP2
1328,CP4
1328,1027
1328,1013
1328,1010
1328,CP15
1328,1321
1328,CP33
1328,1325
1329,1340
1329,1026
1329,CP1
1329,CP6
1329,CP2
1329,CP1
1329,CP2
1329,CP4
1329,CP29
1329,1323
1329,CP4
1329,1027
1329,1013
1329,1010
1329,CP33
1329,1325
1331,1324
1331,1327
1331,CP71
1331,CP30
1331,CP33
1331,1325
1331,CP29
1331,1323
1333,1328
1333,1354
1336,1325
1337,CP4
1337,1027
1337,1013
1337,1010
1337,1328
1337,1329
1337,1354
1337,1340
1337,1337
1340,1329
1340,PR7
1340,CP6
1340,CP4
1340,CP1
1340,CP2
1340,1026
1340,CP4
1340,1027
1340,1013
1340,1010
1340,CP29
1340,1323
1340,CP33
1340,1325
1346,CP15
1346,1321
1346,CP4
1346,1027
1346,1013
1346,1010
1347,1328
1347,1329
1347,1354
1347,1340
1347,CP4
1347,1027
1347,1013
1347,1010
1349,1342
1349,1315
1349,1316
1350,1328
1350,1354
1352,CP6
1352,CP25
1352,1025P
1352,1025
1352,1075
1352,CP29
1352,1323
1353,CP15
1353,1321
1353,CP9
1353,1320
1353,1322
1353,1373
1353,CP10
1354,1328
1354,1023
1354,CP1
1354,CP2
1354,CP4
1354,CP1
1354,CP6
1354,CP2
1354,CP33
1354,1325
1354,CP4
1354,1027
1354,1013
1354,1010
1354,CP15
1354,1321
1355,CP33
1355,1325
1355,CP29
1355,1323
1358,CP33
1358,1325
1373,CP52
1373,CP24
1373,PR27
1373,PR4
1373,1322P
1373,CP36
1373,CP9
1373,CP38
1373,1322
1373,1322T
1373,CP10
1373,1322
1373,1322
1373,1373
1374,1325
1374,1324P
1374,1324
1406,CP364
1406,CP31
1406,C350
1406,1511
1406,1518
1406,1532
1406,1537
1406,CP1
1406,1061
1406,1020
1406,1070
1406,1052
1406,CAL10
1406,MAT33
1406,1020P
1406,1061P
1406,CP29
1406,1323
1406,1425
1406,CP28
1406,1403
1406,AR30
1406,1406
1414,1324
1414,1327
1414,CP71
1414,CP30
1414,CP4
1414,1027
1414,1013
1414,1010
1414,CP31
1414,C350
1414,1511
1414,1518
1414,1532
1414,1537
1414,1443
1414,1425
1414,CP28
1414,1444
1414,1453
1414,1403
1414,1445
1414,CP15
1414,1321
1414,CP362
1414,1911
1414,1454
1414,CP364
1414,1433
1414,1406
1414,1446
1414,CP29
1414,1323
1414,CP33
1414,1325
1414,CP52
1414,CP24
1414,CP36
1414,CP9
1414,1320
1414,1322
1414,CP10
1424,1424
1425,1444
1425,1453
1425,1445
1425,1425
1428,1425
1428,CP28
1428,1444
1428,1454
1428,1453
1428,1403
1428,1446
1428,1445
1428,CP31
1428,C350
1428,1511
1428,1518
1428,1532
1428,1537
1432,CP6
1432,CP25
1432,1025P
1432,1025
1432,1075
1433,CP364
1433,CP29
1433,1323
1433,CP1
1433,1061
1433,1020
1433,1070
1433,1052
1433,MAT33
1433,1020P
1433,1061P
1433,CP31
1433,C350
1433,1511
1433,1518
1433,1532
1433,1537
1433,1425
1433,CP28
1433,1403
1433,AR30
1433,1433
1434,1415
1434,1430
1434,1324
1434,CP71
1434,CP30
1434,1454
1434,CP364
1434,1433
1434,1406
1434,1446
1434,CP31
1434,C350
1434,1511
1434,1518
1434,1532
1434,1537
1434,1443
1434,1424
1434,CP28
1434,1403
1435,1610
1435,1650
1435,CP27
1437,1454
1437,CP364
1437,1446P
1437,1433
1437,1406
1437,1446
1437,CP362
1437,1911P
1437,1911
1437,CP29
1437,1323
1438,1025P
1438,1025
1438,1075
1438,1443
1438,1443P
1440,CP29
1440,1323
1440,1454
1440,CP364
1440,1446P
1440,1433
1440,1406
1440,1446
1442,AR20
1442,1443
1442,1424
1442,CP28
1442,1403
1442,1425
1442,CP28
1442,1444
1442,1454
1442,1453
1442,1403
1442,1446
1442,1445
1442,CP29
1442,1323
1442,CP31
1442,C350
1442,1511
1442,1518
1442,1532
1442,1537
1443,1424
1443,1443P
1443,1403
1443,1023
1443,SRN14
1443,CP1
1443,CP2
1443,CP4
1443,CP1
1443,CP6
1443,CP2
1443,CP1
1443,1061
1443,1020
1443,1070
1443,1052
1443,SRN02
1443,CAL10
1443,MAT33
1443,1020P
1443,1061P
1443,1322P
1443,CP9
1443,1320
1443,1322
1443,1373
1443,SRN17
1443,CP10
1443,CP4
1443,1027
1443,1013
1443,1010
1443,1321P
1443,CP37
1443,CP15
1443,1321
1443,1443
1444,1425
1444,1453
1444,1445
1444,1445
1444,1443
1444,1424
1444,CP28
1444,1403
1444,CP31
1444,C350
1444,1511
1444,1518
1444,1532
1444,1537
1445,1444
1445,1425
1445,1444
1445,1443
1445,1424
1445,CP28
1445,1403
1445,CP31
1445,C350
1445,1511
1445,1518
1445,1532
1445,1537
1446,CP364
1446,AR30
1446,1446P
1446,1433
1446,1406
1446,1454
1446,CP29
1446,1323
1446,CP1
1446,1061
1446,1020
1446,1070
1446,1052
1446,CAL10
1446,MAT33
1446,1020P
1446,1061P
1446,1443
1446,1424
1446,CP28
1446,1443P
1446,1403
1446,CP31
1446,C350
1446,1511
1446,1518
1446,1532
1446,1537
1446,1446
1447,1324
1447,CP71
1447,CP30
1447,1443
1447,1424
1447,CP28
1447,1403
1447,CP29
1447,1323
1448,1454
1448,CP364
1448,1433
1448,1406
1448,1446
1449,1447
1450,CP6
1450,CP25
1450,1025P
1450,1025
1450,1075
1453,1445
1453,1424
1453,CP31
1453,C350
1453,1511
1453,1518
1453,1532
1453,1537
1454,1446
1454,CP29
1454,1323
1454,CP31
1454,C350
1454,1511
1454,1518
1454,1532
1454,1537
1454,CP1
1454,1061
1454,1020
1454,1070
1454,1052
1454,CAL10
1454,MAT33
1454,1020P
1454,1061P
1454,1443
1454,1424
1454,CP28
1454,1403
1458,1435
1458,1610
1458,1650
1458,CP27
1466,1443
1466,1443P
1466,1027P
1466,1027
1466,1321P
1466,1321
1466,1023P
1466,1023
1466,SRN14
1466,1322P
1466,1322
1466,1373
1466,SRN17
1466,1443
1466,1023P
1466,1023
1466,SRN14
1466,1027P
1466,1027
1466,1321P
1466,1321
1466,1322P
1466,1322
1466,1373
1466,SRN17
1466,1466
1510,CP102
1510,1510R
1510,CQ3
1510,1025
1510,1075
1510,CP102
1510,1510R
1510,CQ3
1510,1075
1510,1025
1510,1510
1519,GA10
1519,GA10
1519,1519
1532,1532
1537,1511
1537,1518
1537,1532
1537,CP6
1537,CP4
1537,CP1
1537,CP2
1537,MA29
1537,1023P
1537,1023
1537,1443
1537,1466
1537,1424
1537,CP28
1537,1443P
1537,1403
1537,1021
1537,MAT33
1537,M9
1537,1030P
1537,CP2
1537,CP23
1537,1030
1537,1071
1537,1053
1537,GAL1P
1537,1321P
1537,CP15
1537,1321
1537,CP1
1537,1061
1537,1020
1537,1070
1537,1052
1537,MAT33
1537,1020P
1537,1061P
1537,1537
1542,1535
1542,1324
1542,CP71
1542,CP30
1542,CP350
1542,CP31
1542,1511
1542,1518
1542,1532
1542,1537
1543,IS14
1543,1716
1543,C402
1543,CP363
1545,1026
1545,CP1
1545,CP6
1545,CP2
1545,CP1
1545,CP2
1545,CP4
1545,1023
1545,CP1
1545,CP6
1545,CP2
1545,CP1
1545,CP2
1545,CP4
1545,CP29
1545,1323
1546,1324
1546,CP71
1546,CP30
1546,1021
1546,MAT33
1546,MA09
1546,M9
1546,1031P
1546,CP2
1546,CP23
1546,1031
1546,CP1
1546,CP22
1546,1062
1546,1022
1546,1072
1546,MAT33
1546,1062P
1556,1321
1556,1443
1556,1424
1556,1443P
1556,1403
1610,CR10
1610,IO8
1610,CP27
1610,1021
1610,MAT33
1610,M9
1610,1031P
1610,CP2
1610,CP23
1610,1031
1610,1058
1610,158Q
1610,CP6
1610,CP25
1610,1025P
1610,1025T
1610,1025
1610,1075
1610,CP1
1610,CP22
1610,1062
1610,1022
1610,1072
1610,MAT33
1610,1062P
1610,CP1
1610,CP22
1610,1061
1610,1020
1610,1070
1610,1052
1610,MAT33
1610,1020P
1610,1061P
1610,1021
1610,CM14
1610,MAT33
1610,M9
1610,1030P
1610,B11
1610,CP2
1610,R101
1610,CP23
1610,B101
1610,1030
1610,1071
1610,171Q
1610,1053
1610,1610
1613,CP1
1613,CP2
1613,CP4
1613,CP1
1613,CP6
1613,CP2
1613,1023P
1613,1023
1613,1026
1613,1021
1613,MAT33
1613,M9
1613,1031P
1613,CP2
1613,CP23
1613,1031
1613,1058
1613,158Q
1613,CP1
1613,CP22
1613,1061
1613,1020
1613,1070
1613,1052
1613,CAL10
1613,MAT33
1613,1020P
1613,1061P
1613,CP29
1613,1323
1613,1021
1613,CM14
1613,MAT33
1613,M9
1613,1030P
1613,CP2
1613,CP23
1613,1030
1613,1071
1613,171Q
1613,1053
1613,GAL1P
1613,CP1
1613,CP22
1613,1062
1613,1022
1613,1072
1613,MAT33
1613,1062P
1613,CP6
1613,CP25
1613,1025P
1613,1025
1613,1075
1613,1610P
1613,1610
1613,1650
1613,CP27
1617,1324
1617,CP29
1617,1323
1617,CP6
1617,CP25
1617,1025P
1617,1025
1617,1075
1617,1610P
1617,1610
1617,1650
1617,CP27
1624,1610
1624,1650
1624,CP27
1628,1625
1628,1324
1628,CP71
1628,CP30
1628,1610
1628,1650
1628,CP27
1628,CP6
1628,CP25
1628,1025P
1628,1025
1628,1075
1630,1610
1630,1650
1630,CP27
1631,1610
1631,1650
1631,CP27
1632,1610
1632,1650
1632,CP27
1633,1631
1633,1624
1633,1626
1633,1632
1634,1610P
1634,1610
1634,1650
1634,CP27
1635,1023
1635,CP1
1635,CP2
1635,CP4
1635,CP1
1635,CP6
1635,CP2
1635,1026
1635,CP1
1635,CP2
1635,CP4
1635,CP1
1635,CP6
1635,CP2
1635,CP29
1635,1323
1635,1610
1635,1650
1635,CP27
1636,1610P
1636,1610
1636,1650
1636,CP27
1636,CP6
1636,CP25
1636,1025P
1636,1025
1636,1075
1637,1625
1637,1628
1637,1324
1637,CP71
1637,CP30
1637,CP6
1637,CP25
1637,1025P
1637,1025
1637,1075
1637,1610
1637,1650
1637,CP27
1639,1610
1639,1650
1640,1640P
1640,1610P
1640,1610
1640,1650
1650,CR10
1650,IO8
1650,1610P
1650,1610
1650,CP27
1650,1021
1650,CM14
1650,MAT33
1650,M9
1650,1030P
1650,B11
1650,CP2
1650,R101
1650,CP23
1650,B101
1650,1030
1650,1071
1650,171Q
1650,1053
1650,GAL1P
1650,CP1
1650,CP22
1650,1062
1650,1022
1650,1072
1650,MAT33
1650,1062P
1650,CP6
1650,CP25
1650,1025P
1650,1025T
1650,1025
1650,1075
1650,1021
1650,MAT33
1650,M9
1650,1031P
1650,CP2
1650,CP23
1650,1031
1650,1058
1650,158Q
1650,CP1
1650,CP22
1650,1061
1650,1020
1650,1070
1650,1052
1650,MAT33
1650,1020P
1650,1061P
1650,1610P
1650,1610
1650,1610
1650,1650
1716,IS14
1716,1716P
1716,CP363
1716,1324
1716,1327
1716,CP71
1716,CP30
1716,CP362
1716,BD10
1716,1911P
1716,1911
1716,IS14
1716,1716P
1716,CP363
1716,1716
1721,1721P
1721,CP363
1721,1324
1721,CP71
1721,CP30
1721,1716
1728,CHU10
1728,CH04
1730,CP221
1730,1650
1730,1610
1730,1424
1730,1425
1730,1444
1730,1453
1730,1445
1730,1443
1730,1403
1730,1033
1730,1721
1730,1325
1730,1327
1730,1324
1730,1911
1730,1716
1730,1323
1730,1511
1730,1518
1730,1532
1730,1537
1731,AT10
1731,TP25
1735,AA28
1735,AI28
1735,AT28
1735,AT3
1735,A028
1735,A28
1735,BT28
1735,1324
1735,1327
1735,CP71
1735,CP30
1735,CP31
1735,C350
1735,1511
1735,1518
1735,1532
1735,1537
1735,CP362
1735,1911
1736,1324
1740,CP71
1740,CP30
1740,1324
1740,1327
1740,CP350
1740,CP31
1740,1511
1740,1518
1740,1532
1740,1537
1740,1721
1740,CP363
1740,CP362
1740,1911
1740,1751
1740,1734
1740,1735
1741,1721
1741,CP363
1741,CP350
1741,CP31
1741,1511
1741,1518
1741,1532
1741,1537
1741,CP362
1741,1911
1741,1751
1741,1734
1741,1735
1742,BTI23
1742,BTI29
1742,BTI33
1742,BTI38
1742,1716
1742,C402
1742,CP363
1742,CP362
1742,1911P
1742,1911
1743,CP71
1743,CP30
1743,1324
1743,1327
1743,1454
1743,CP364
1743,1433
1743,1406
1743,1446
1743,CP362
1743,1911
1743,1716
1743,C402
1743,CP363
1749,1736
1749,1324
1749,CP71
1749,CP30
1749,1716
1751,AA28
1751,AI28
1751,AT28
1751,AT3
1751,A028
1751,A28
1751,BTI23
1751,BTI38
1751,BT28
1751,CP71
1751,CP30
1751,1324
1751,1327
1751,CP362
1751,1911P
1751,1911
1751,CP31
1751,C350
1751,1511
1751,1518
1751,1532
1751,1537
1758,CHU10
1758,CH4
1758,1758P
1758,1758T
1758,1716
1758,C402
1758,CP363
1759,AA28
1759,AI28
1759,AT28
1759,AT3
1759,BT28
1759,1327
1759,CP71
1759,CP30
1759,CP362
1759,1911
1766,1327
1766,CP71
1766,CP30
1767,1324
1767,CP71
1767,CP30
1768,1749
1768,1716
1768,CP366
1769,1324
1769,CP71
1769,CP30
1769,1716
1769,CP366
1770,1327
1770,CP71
1770,CP30
1771,CP71
1771,CP30
1771,1324
1771,1327
1771,1716
1771,CP366
1772,1324
1772,CP71
1772,CP30
1772,1716
1772,CP366
1773,1771
1773,1324
1773,CP71
1773,CP30
1773,1716
1773,CP366
1774,1740
1774,1741
1774,1324
1774,1911
1774,1327
1775,ATI3
1775,BTI23
1775,BTI29
1775,BTI31
1775,BTI33
1775,BT31
1775,1735
1775,CP71
1775,CP30
1775,1324
1775,1327
1775,1911P
1775,1911
1776,1759
1776,1327
1776,1911
1777,1769
1777,1716
1777,CP366
1778,1716
1779,1630
1779,1610P
1779,1610
1779,1650
1779,CP27
1781,1781P
1781,1939
1781,1324
1781,1911
1781,1327
1782,1324
1782,1327
1782,1323
1802,1935
1802,CP362
1802,1911
1828,1324
1828,1327
1828,CP71
1828,CP30
1828,CP4
1828,1027
1828,1013
1828,1010
1828,CP29
1828,1323
1828,CP33
1828,1325
1828,CP6
1828,CP25
1828,1025P
1828,1025
1828,1075
1829,CP29
1829,1323
1834,1820
1834,1827
1834,1026
1834,CP1
1834,CP6
1834,CP2
1834,CP1
1834,CP2
1834,CP4
1834,CP6
1834,CP25
1834,1025P
1834,1025
1834,1075
1834,CP29
1834,1323
1834,CP4
1834,1027
1834,1013
1834,1010
1835,1026
1835,CP1
1835,CP2
1835,CP4
1835,CP1
1835,CP6
1835,CP2
1835,CP6
1835,CP25
1835,1025P
1835,1025
1835,1075
1835,CP29
1835,1323
1835,CP33
1835,1325
1835,CP4
1835,1027
1835,1013
1835,1010
1848,1829
1848,1327
1848,CP71
1848,CP30
1848,1120P
1848,1151P
1848,1120
1848,1121
1848,CP41
1848,1151
1848,CP26
1848,CP3
1848,CP17
1848,CP4
1848,1027
1848,1013
1848,1010
1849,AA28
1849,AI28
1849,AT28
1849,A028
1849,CP9
1849,1320
1849,1322
1849,CP10
1857,1849
1857,1829
1857,1848
1857,1442
1857,CP15
1857,1321
1857,CP4
1857,1027
1857,1013
1857,1010
1857,CP29
1857,1323
1864,1835
1864,1828
1865,1857
1865,1829
1865,1848
1865,1442
1866,1820
1866,1827
1866,1834
1866,1026
1866,CP1
1866,CP2
1866,CP4
1866,CP1
1866,CP6
1866,CP2
1866,1324
1866,CP71
1866,CP30
1866,1911
1866,1323
1866,1025P
1866,1025
1866,1075
1866,CP4
1866,1027
1866,1013
1866,1010
1867,1941
1867,CP362
1867,1911
1868,CP1
1868,CP22
1868,1062
1868,1022
1868,1072
1868,MAT33
1868,1062P
1868,1021
1868,MAT33
1868,MA09
1868,M9
1868,1031P
1868,CP2
1868,R101
1868,CP23
1868,1031
1868,1058
1868,1025
1868,1075
1868,125L
1868,175Q
1871,1640
1871,1031P
1871,1031
1871,1062
1871,1022
1871,1022P
1871,1062P
1871,1322P
1871,1322
1871,1373
1872,1061
1872,1020
1872,107L
1872,1070
1872,170Q
1872,1052
1872,CAL10
1872,CAL12
1872,M13
1872,1020P
1872,1061P
1872,1021
1872,MAT33
1872,MA09
1872,M9
1872,1031P
1872,CP2
1872,R101
1872,CP23
1872,1031
1872,1058
1872,1872
1876,1327
1876,1911
1877,1610
1877,1650
1877,1320
1877,1322
1877,1322T
1877,1372
1877,1373
1880,1828
1886,1062
1886,1022
1886,1072
1886,108L
1886,172Q
1886,1022P
1886,1062P
1886,1022T
1886,1061
1886,1061I
1886,1061R
1886,1020
1886,1070
1886,1052
1886,1061P
1886,1030
1886,1071
1886,171L
1886,171Q
1886,1053
1886,GAL1P
1887,1323
1887,1820
1887,1827
1887,1866
1887,1834
1887,1025T
1887,1025
1887,1075
1887,CH201
1890,1802
1890,1911P
1890,1911
1891,1437
1891,1323
1891,1446P
1891,1446
1891,1911P
1891,1911
1897,1321P
1897,1321
1897,1610P
1897,1610
1897,1650
1898,1447
1898,1443
1898,1537
1898,1537P
1898,1537
1898,1443
1898,1443P
1898,1321P
1898,1321
1899,1011
1899,2415
1899,1042
1899,1065
1899,1046
1911,CP362
1911,BD015
1911,BD10
1911,BD15
1911,1911P
1911,1026
1911,CP1
1911,CP2
1911,CP4
1911,CP1
1911,CP6
1911,CP2
1911,CP4
1911,1027
1911,1013
1911,1010
1911,CP29
1911,1323
1911,1911
1918,1424
1918,1425
1918,1444
1918,1453
1918,1445
1918,1403
1918,1443
1918,CP364
1918,1433
1918,1406
1918,1446
1918,CP31
1918,C350
1918,1511
1918,1518
1918,1532
1918,1537
1918,CP362
1918,BD10
1918,1911
1918,1716
1918,C402
1918,CP363
1926,BT31
1926,1324
1926,1327
1926,CP71
1926,CP30
1926,CP362
1926,1911P
1926,1911
1930,1930
1932,CP362
1932,1911
1933,CP362
1933,1911P
1933,1911
1933,1454
1933,CP364
1933,1446P
1933,1433
1933,1406
1933,1446
1935,BD015
1935,BD05
1935,CP71
1935,CP30
1935,1324
1935,1327
1935,CP362
1935,1911
1935,CP6
1935,1025P
1935,1025
1936,1327
1936,CP71
1936,CP30
1936,CP31
1936,C350
1936,1511
1936,1518
1936,1532
1936,1537
1936,CP362
1936,1911
1937,BD15
1937,1937T
1937,1937P
1937,CP362
1937,1911
1938,CP362
1938,1911P
1938,1911
1938,CP29
1938,1323
1939,CP71
1939,CP30
1939,1324
1939,1327
1939,CP362
1939,1911
1940,1906
1940,1921
1940,1510
1940,1901
1940,1940
1941,CP362
1941,1911
1942,1716
1942,CP366
1942,CP362
1942,1911
1944,2241
1944,1519
1944,1930
1944,2241
1944,1519
1944,1930
1945,2241
1945,1945P
1945,1519
1945,1930
1945,1944
1945,2241
1945,1519
1945,1930
1945,1944
1947,CP362
1947,BD10
1947,1911
1947,1443
1947,1454
1947,CP364
1947,1406
1947,1446
1948,1327
1948,CP71
1948,CP30
1948,1454
1948,CP364
1948,1433
1948,1406
1948,1446
1948,CP362
1948,1911
1948,CP31
1948,C350
1948,1511
1948,1518
1948,1532
1948,1537
1948,1716
1948,C402
1948,CP363
1949,CP362
1949,1911P
1949,1911
1952,1443
1952,1454
1952,CP364
1952,1446P
1952,1433
1952,1406
1952,1446
1952,CP31
1952,C350
1952,1511
1952,1518
1952,1532
1952,1537
1954,1906
1954,1921
1954,1940
1954,1510
1954,1901
1954,1940
1954,1954
203EU,203EU
2216,1760
2216,1761
2217,1760
2217,1761
2217,2216
2398,1631
2398,1624
2398,1626
2398,1632
2415,1042
2415,1065
2415,1323
2415,1023P
2415,1023
2415,1061
2415,1020
2415,1052
2415,1020P
2415,1062
2415,1022
2415,1062P
2415,1030P
2415,1030
2415,1053
2415,GAL1P
2415,1025P
2415,1025T
2415,1025
2415,1075
2415,125L
2415,175Q
2417,1772
2417,1324
2417,CP71
2417,CP30
2417,1716
2417,CP366
2418,CP362
2418,1911
2418,CP4
2418,1027
2418,1013
2418,1010
3207,1323
3207,1610P
3207,1610
3207,1650
5005,2217
5005,2216
5005,1151
5005,1061
5005,1062
5005,1030
5005,1031
559EU,559EU
5705,1446
5705,1327
5707,1454
5707,CP364
5707,1433
5707,1406
5707,1446
5707,1721
5707,CP363
5709,1721
5709,1446
5720,5853
5720,1820
5720,1827
5720,1866
5720,5852
5720,5842
5828,1033
5828,1079
5828,1321P
5828,1321
5831,CP1
5831,1061
5831,1020
5831,1070
5831,1052
5831,CAL10
5831,MAT33
5831,1020P
5831,1061P
5831,CP6
5831,CP25
5831,1025P
5831,1025
5831,1075
5831,CP29
5831,1323
5831,CP1
5831,CP22
5831,1062
5831,1022
5831,1072
5831,MAT33
5831,1062P
5842,1075
5842,CP6
5842,1025P
5842,1025
5842,CP25
5842,1323
5842,CP29
5852,1026
5852,1323
5852,1025P
5852,1025
5852,1075
5852,1027
5852,1013
5852,1911P
5852,1911
5852,1324P
5852,1324
5853,1820
5853,1827
5853,1866
5853,5852
5907,1446
5914,CP16
5914,1033
5914,CP29
5914,1323
5916,CP31
5916,C350
5916,1511
5916,1518
5916,1532
5916,1537
5916,CP362
5916,1911
5916,CP29
5916,1323
5916,MA29
5916,CP4
5916,1027
5916,1013
5916,1010
5916,1454
5916,CP364
5916,1433
5916,1406
5916,1446
618EU,618EU
736EU,1323
736EU,736EU
836EU,1323
836EU,836EU
A42,A42
A65,A65
A66,1716
A66,A66
A83,A83
AT002,1721
AT003,1716
AT009,1315
AT009,1316
AT021,1716
AT023,1342
CAL2,MC10
CAL2,MC10
CH201,SRN02
CH201,SRN03
CH201,SRN09
CH201,SRN09
CH201,SRN03
CH201,SRN02
CIM10,SRN09
CIM10,SRN02
CIM10,SRN03
CIM10,SRN09
CIM10,SRN03
CIM10,SRN02
CIM11,SRN14
CIM11,SRN03
CIM11,SRN14
CIM11,SRN03
CIM20,SRN09
CIM20,SRN03
CIM20,SRN02
CIM20,SRN10
CIM20,SRN02
CIM20,SRN09
CIM20,SRN10
CIM20,SRN03
CIM22,SRN02
CIM22,SRN09
CIM22,SRN02
CIM22,SRN09
CIM24,SRN10
CIM24,SRN03
CIM24,SRN09
CIM24,SRN02
CIM24,SRN09
CIM24,SRN02
CIM24,SRN03
CIM24,SRN10
CM,MC10
CM,AL
CM,AL
CM,MC10
D78A,1223
D84,1716
D84,D84
D85,D85
D87,1025
D87,1075
D87,1025T
D87,1025
D87,1075
D87,CH201
EPCN,1321
EPCN,1061
EPCN,MC10
GAL1P,CM14
GAL1P,GAL7
GAL1P,MAT33
GAL1P,MA51
GAL1P,MA7
GAL1P,MC3
GAL1P,M24
GAL1P,M9
GAL1P,1030P
GAL1P,CP2
GAL1P,CP23
GAL1P,CP46
GAL1P,1030
GAL1P,1071
GAL1P,171L
GAL1P,171Q
GAL1P,1053
GAL1P,1030
GAL1P,CM14
GAL1P,GAL7
GAL1P,MAT33
GAL1P,MA51
GAL1P,MA7
GAL1P,MC3
GAL1P,M24
GAL1P,M9
GAL1P,1030P
GAL1P,CP2
GAL1P,CP23
GAL1P,CP46
GAL1P,1030
GAL1P,1071
GAL1P,171L
GAL1P,171Q
GAL1P,1053
GAL1P,1030
I87,I87
INFU1,SRN22
INFU1,816EU
INFU1,INFU1
M000,1025
M000,1075
M001,1025
M001,M001
MI2,CP1
MI2,CP22
MI2,CP44
MI2,1061
MI2,1020
MI2,107L
MI2,1070
MI2,170Q
MI2,1052
MI2,CAL10
MI2,CAL12
MI2,MAT14
MI2,MAT33
MI2,MA11
MI2,MA25
MI2,MA47
MI2,MA51
MI2,MC13
MI2,M12
MI2,M13
MI2,1020R
MI2,1061P
MI2,01
MI2,101
MI2,1061
MI2,1020
MI2,01
MI2,101
MI2,01
MI2,1061
MI2,1020
MI2,01
MI2,101
MI2,01
MI2,CP1
MI2,CP22
MI2,CP44
MI2,1061
MI2,1020
MI2,107L
MI2,1070
MI2,170Q
MI2,1052
MI2,CAL10
MI2,CAL12
MI2,MAT14
MI2,MAT33
MI2,MA11
MI2,MA25
MI2,MA47
MI2,MA51
MI2,MC13
MI2,M12
MI2,M13
MI2,1020R
MI2,1061P
MI2,01
MI2,101
O6221,1716
O6221,O6311
O6311,1716
O6311,O6311
O7246,O6211
O7246,O6211
REF04,REF04
REF05,FF12
REF05,FG
REF05,FIS13
REF05,FIS14
REF05,FI10
REF05,FI13
REF05,F1Y3
REF05,F10
REF05,F30
REF05,1120P
REF05,1151P
REF05,1120
REF05,117Q
REF05,1170
REF05,CP41
REF05,1171
REF05,SRN50
REF05,REF04
REF05,CP26
REF05,CP3
REF05,CP17
REF05,REF05
REF06,SRN50
REF06,REF05
REF06,SRN50
REF06,REF05
SRN02,SRN02
SRN03,SRN03
SRN09,SRN02
SRN09,SRN02
SRN09,SRN09
SRN10,1030
SRN10,SRN03
SRN10,SRN03
SRN10,SRN10
SRN11,REF04
SRN11,REF04
SRN11,SRN11
SRN14,SRN14
SRN17,SRN17
SRN25,SRN25
SRN26,REF04
SRN26,SRN02
SRN26,SRN02
SRN26,REF04
SRN26,SRN26
SRN45,CP1
SRN45,CP22
SRN45,CP44
SRN45,1061
SRN45,1020
SRN45,107L
SRN45,1070
SRN45,170Q
SRN45,1052
SRN45,SRN02
SRN45,CAL10
SRN45,CAL12
SRN45,MAT14
SRN45,MAT33
SRN45,MA25
SRN45,MA47
SRN45,MA51
SRN45,MC13
SRN45,M12
SRN45,M13
SRN45,M14
SRN45,1020R
SRN45,1020P
SRN45,1061P
SRN45,CP1
SRN45,CP22
SRN45,CP44
SRN45,1061
SRN45,1020
SRN45,107L
SRN45,1070
SRN45,170Q
SRN45,1052
SRN45,SRN02
SRN45,CAL10
SRN45,CAL12
SRN45,MAT14
SRN45,MAT33
SRN45,MA25
SRN45,MA47
SRN45,MA51
SRN45,MC13
SRN45,M12
SRN45,M13
SRN45,M14
SRN45,1020R
SRN45,1020P
SRN45,1061P
SRN50,FF12
SRN50,FG
SRN50,FIS13
SRN50,FIS14
SRN50,FI10
SRN50,FI13
SRN50,F1Y3
SRN50,F10
SRN50,F30
SRN50,1120P
SRN50,1151P
SRN50,1120
SRN50,117Q
SRN50,1170
SRN50,CP41
SRN50,1171
SRN50,REF05
SRN50,REF04
SRN50,CP26
SRN50,CP3
SRN50,CP17
SRN50,SRN50
TIIO,MC10
TIIO,AL
